{"datasets":{"scRNA_Baccin2019_Mouse_BoneMarrow":[{"cell_type":"b_cell","summary":{"avg_expression":0.46838,"median":0.0,"n":704,"pct_expressing":0.31818},"values":[0.0,0.0,0.5776,1.605,1.625,0.0,1.518,0.0,0.0,0.0,0.0,0.0,0.0,0.0,0.0,0.0,1.694,0.0,1.551,0.0,0.6079,0.0,0.0,0.0,0.0,1.392,0.0,0.0,1.439,0.0,1.462,0.0,1.754,0.0,0.0,0.0,1.995,0.0,2.05,1.917,1.656,0.0,2.155,0.0,0.9923,0.0,0.0,0.0,0.0,0.0,1.504,2.305,0.0,0.0,1.323,0.0,1.491,1.5,0.0,0.0,0.0,0.0,1.899,0.0,1.373,0.0,0.0,0.0,0.0,0.0,0.0,0.0,0.8126,0.0,1.065,0.0,0.0,0.0,0.0,0.0,0.0,0.0,2.647,0.0,0.0,0.0,0.0,0.0,1.934,0.0,1.196,1.343,1.315,1.355,0.0,0.3886,0.0,2.18,0.0,0.0,0.0,0.0,0.0,0.8771,0.0,0.0,1.549,0.2834,0.0,1.454,4.057,0.0,1.664,1.884,0.0,0.0,0.0,0.0,0.0,1.418,0.0,0.0,0.0,0.0,0.0,0.0,1.292,0.0,0.8182,1.817,0.0,0.0,0.0,0.6344,0.0,0.0,0.0,1.483,0.0,0.0,0.8288,0.0,0.0,1.079,0.0,0.0,2.724,0.0,0.0,0.0,0.0,0.0,0.0,0.0,0.0,0.0,0.0,0.0,0.0,0.0,0.0,0.0,0.0,0.9619,0.0,0.0,0.0,0.0,1.474,0.0,0.0,0.0,0.0,2.221,0.0,0.0,1.083,0.0,0.0,0.0]},{"cell_type":"chondrocyte","summary":{"avg_expression":2.08567,"median":2.035,"n":127,"pct_expressing":0.76378},"values":[1.803,0.0,1.634,1.866,1.042,0.0,1.015,3.215,0.9912,0.0,2.801,1.309,1.796,2.131,0.0,3.069,2.14,2.123,2.467,2.208,0.0,1.698,4.35,1.052,4.76,3.019,0.0,0.0,4.305,2.023,3.646,1.306,0.0,2.917,5.112,1.945,1.55,0.0,1.942,0.0,1.519,2.802,0.0,2.391,3.55,0.0,0.0,2.312,1.899,4.149,2.745,1.571,2.308,3.09,1.677,3.562,0.0,0.0,0.0,2.86,1.438,4.253,1.559,1.812,3.675,2.15,2.29,4.041,0.0,4.127,3.061,4.361,4.32,2.421,0.0,3.704,1.021,1.836,0.0,1.281,2.41,3.955,1.791,2.691,0.0,4.39,0.0,3.693,2.364,3.317,3.61,0.0,0.0,2.379,0.0,0.0,4.187,2.588,5.537,5.23,3.188,3.834,2.034,0.0,2.035,3.746,1.743,2.467,0.0,2.63,0.0,3.799,3.426,3.032,5.522,4.434,3.312,1.714,0.0,3.788,1.799,0.0,1.243,1.953,2.433,2.376,1.21]},{"cell_type":"endothelial","summary":{"avg_expression":1.70783,"median":1.804,"n":343,"pct_expressing":0.68805},"values":[2.019,1.973,1.793,0.0,4.07,0.0,1.969,0.0,3.325,3.962,0.0,0.0,3.216,2.596,1.962,2.031,1.688,2.204,2.55,2.947,4.157,0.0,4.989,2.318,2.782,2.92,2.483,3.257,1.971,0.0,3.794,4.109,3.504,3.224,0.0,0.0,0.0,0.0,2.384,0.0,2.678,0.0,4.819,2.434,1.714,3.324,0.0,1.758,0.0,2.206,2.969,2.783,2.901,0.0,0.0,0.0,0.8857,1.551,2.49,2.779,2.242,2.901,2.329,3.618,0.0,1.692,2.729,2.588,0.0,1.803,0.0,2.494,1.872,0.0,0.0,1.26,0.0,2.27,1.73,3.617,0.0,0.0,2.359,2.647,1.549,5.016,1.968,3.475,3.06,3.521,1.326,2.757,0.0,0.0,0.0,2.365,2.635,1.674,1.158,0.0,4.578,0.9797,0.0,2.356,0.0,2.626,0.0,3.18,4.686,0.0,3.552,1.85,1.904,0.0,3.827,2.422,1.519,2.188,2.54,1.513,0.0,2.849,2.442,3.27,3.655,0.0,1.997,1.524,1.358,1.544,0.0,0.0,2.273,1.977,1.562,0.0,0.0,0.0,2.823,1.492,1.351,1.877,2.051,4.415,1.754,0.0,0.0,1.889,1.466,2.003,2.179,2.689,0.0,0.0,1.329,3.95,2.307,3.353,0.0,3.612,4.623,1.285,2.078,1.977,1.531,0.0,0.0,2.827,1.561,2.226,0.0,3.077,1.505,1.442,2.826,0.0,2.657,2.48,2.624,0.0]},{"cell_type":"erythroid_or_mk","summary":{"avg_expression":0.99489,"median":0.9308,"n":1129,"pct_expressing":0.86537},"values":[0.832,0.7623,0.377,1.373,0.6239,0.0,0.8855,0.0,0.99,0.5004,0.0,0.7037,3.094,1.495,0.0,0.0,0.4779,1.372,1.187,0.661,0.6102,0.6705,0.9551,0.9698,1.838,2.42,0.8519,0.4958,1.223,2.37,2.4,0.953,0.0,0.4985,0.0,1.237,0.4871,0.3141,0.9292,0.0,0.3369,0.7636,0.5487,0.5345,1.1,0.8515,0.5832,0.0,0.7935,0.0,1.125,2.125,0.0,0.9189,0.0,0.0,0.0,0.0,0.9383,0.366,0.9103,0.9007,1.919,0.9113,0.8178,0.5087,0.0,1.769,0.3366,2.239,1.378,0.9386,1.069,0.6051,0.6495,1.368,1.27,0.5265,0.3922,2.915,1.025,0.5659,0.5262,1.484,0.7772,1.987,1.717,1.504,0.9068,0.0,1.345,0.8382,0.7991,0.9358,1.134,0.5337,1.282,0.9836,0.9344,2.607,0.6998,1.255,0.6283,0.4932,1.168,0.0,2.276,1.438,0.7549,0.8095,0.6855,1.141,1.909,1.582,0.0,0.9981,1.227,1.181,0.8907,0.9639,0.8926,0.0,0.7163,1.208,0.6282,1.362,1.171,1.116,2.649,2.109,0.0,1.328,0.8788,1.952,1.213,1.021,1.296,3.364,0.7587,2.033,2.081,0.0,0.6008,0.969,0.6076,0.725,0.9614,0.6102,0.4956,1.437,2.344,1.053,1.14,0.594,1.194,1.25,0.9652,1.071,0.0,0.6909,0.0,0.5947,0.9395,0.7894,1.054,2.578,2.653,0.0,1.037,1.238,2.32,1.115,0.8628,0.5646,0.0,0.0,1.517,0.0,0.9039,0.97]},{"cell_type":"myeloid","summary":{"avg_expression":0.86057,"median":0.7006,"n":2370,"pct_expressing":0.54515},"values":[0.0,0.9279,0.0,1.851,0.0,1.354,0.0,0.0,1.023,0.0,0.0,0.7897,0.0,0.0,0.8871,1.451,2.402,0.7544,0.9007,1.825,1.612,0.9536,2.498,0.5879,1.648,0.0,0.0,0.0,0.0,0.0,0.0,2.353,0.0,0.0,0.6366,1.342,1.576,0.0,1.693,1.431,0.0,0.0,0.0,2.494,0.0,0.48,1.594,3.568,0.0,0.0,2.414,0.0,0.0,0.0,0.7231,0.0,2.305,0.0,0.0,0.0,1.385,0.0,2.374,0.0,2.347,1.818,2.538,0.0,0.7099,0.8189,0.0,0.0,0.0,0.0,0.0,0.0,0.0,0.0,1.673,0.9014,1.94,2.565,1.49,0.0,0.0,3.008,1.634,2.445,1.372,0.0,1.254,0.5718,0.0,2.253,1.633,1.653,1.573,2.109,2.384,0.0,0.4851,2.143,0.0,0.0,0.0,0.0,0.0,1.086,2.879,1.923,1.022,2.311,0.0,0.0,1.31,0.0,0.0,0.8778,0.0,1.254,0.6151,0.0,0.0,2.215,1.004,0.0,0.0,2.038,0.0,0.0,0.847,2.989,0.0,0.7013,1.741,0.0,2.656,1.07,1.088,1.114,0.0,0.0,0.0,0.0,1.656,0.9241,1.755,2.176,2.424,1.981,0.0,0.0,0.0,0.0,0.0,0.0,0.0,0.0,0.591,1.117,0.0,1.272,2.869,1.557,0.0,1.389,2.298,0.0,0.0,1.753,0.0,1.25,0.0,1.328,1.593,1.197,0.0,0.0,0.8896,1.355]},{"cell_type":"osteoblast","summary":{"avg_expression":2.23076,"median":2.3135,"n":818,"pct_expressing":0.86675},"values":[3.984,1.727,1.765,2.119,0.0,2.514,0.0,2.307,4.231,1.686,3.01,3.099,1.999,3.595,2.607,0.0,1.228,1.57,1.671,3.552,2.167,3.91,1.95,2.326,1.705,2.661,0.0,4.077,1.99,0.0,3.462,1.508,1.28,1.658,0.6583,3.021,3.266,1.909,3.469,2.055,2.396,2.095,2.914,3.348,2.183,1.18,0.0,2.32,3.757,1.617,1.27,1.598,1.373,2.001,3.767,3.359,2.824,1.974,1.628,0.9439,1.943,1.503,2.099,3.543,1.953,2.038,1.539,0.0,0.0,1.492,2.716,3.566,2.339,2.116,2.394,3.158,1.043,2.391,2.971,2.911,0.0,3.378,3.361,3.811,4.533,2.796,0.0,2.727,1.62,0.9145,3.616,0.0,0.0,0.0,2.734,1.798,3.292,1.786,0.0,2.545,3.529,3.272,1.899,2.694,4.404,0.0,3.586,2.065,1.676,0.0,1.989,2.905,1.363,1.186,2.986,2.646,2.229,4.112,4.135,1.933,3.691,2.561,4.376,3.393,1.831,1.282,1.336,3.027,2.086,2.846,3.605,2.526,3.377,2.975,5.767,3.322,2.5,0.8801,0.0,2.748,0.0,3.179,2.683,4.294,1.3,4.662,3.354,3.663,1.351,1.015,0.0,2.456,1.372,1.96,3.537,3.008,1.525,3.6,1.545,1.392,3.023,2.453,2.448,3.184,3.0,3.868,0.9795,1.611,2.518,3.425,2.244,1.625,0.0,3.861,3.781,2.54,1.254,1.913,1.837,0.0]},{"cell_type":"osteocyte","summary":{"avg_expression":1.44959,"median":1.159,"n":27,"pct_expressing":0.59259},"values":[1.456,3.151,0.0,1.076,2.062,0.0,4.032,1.024,0.0,1.159,0.0,0.0,1.908,0.0,0.0,0.0,0.0,1.716,2.019,0.0,0.0,4.139,4.892,1.965,2.84,4.14,1.56]},{"cell_type":"other","summary":{"avg_expression":2.23444,"median":2.3125,"n":238,"pct_expressing":0.78992},"values":[2.345,2.206,0.0,2.724,2.234,2.739,2.385,3.17,2.131,1.057,1.935,2.606,0.0,2.241,4.112,0.0,4.324,3.072,3.637,1.515,0.0,0.0,2.975,2.106,2.974,0.0,0.0,3.692,0.0,2.43,4.368,2.318,0.0,3.481,1.724,3.057,1.931,2.785,0.0,1.337,1.385,0.0,2.302,2.197,1.604,3.895,1.646,0.0,3.824,2.761,0.0,1.466,4.302,2.331,0.0,2.246,4.169,3.985,0.0,2.28,0.0,3.078,3.494,4.296,1.316,2.223,3.883,2.864,2.225,0.9821,0.0,2.657,2.601,2.292,2.699,2.879,2.821,0.0,2.508,3.324,3.534,0.0,1.613,3.863,2.633,1.906,0.0,4.228,0.0,0.0,1.517,3.143,4.503,1.802,3.41,0.0,5.564,0.0,2.233,0.0,3.174,5.089,1.996,3.525,4.244,0.0,3.767,0.0,2.885,2.058,2.988,3.947,0.0,1.697,4.936,2.422,1.424,3.429,3.426,2.431,1.871,0.0,1.515,0.0,3.021,3.732,3.988,2.89,0.0,0.0,4.519,3.55,0.0,2.332,0.0,4.835,2.003,0.0,3.653,2.382,3.626,0.0,5.641,1.536,3.135,2.005,0.0,2.373,0.0,2.723,3.914,0.0,2.719,0.0,1.121,1.757,3.592,1.924,0.0,4.592,1.775,0.0,1.558,0.0,2.196,4.306,3.475,3.195,2.146,3.664,1.655,2.62,2.04,1.636,1.228,1.272,1.912,2.771,5.243,1.149]},{"cell_type":"stromal_mesenchymal","summary":{"avg_expression":2.23155,"median":2.231,"n":1066,"pct_expressing":0.80394},