{"datasets":{"scRNA_Baccin2019_Mouse_BoneMarrow":[{"cell_type":"b_cell","summary":{"avg_expression":2.35778,"median":2.388,"n":704,"pct_expressing":0.94318},"values":[1.885,2.415,1.158,1.701,1.417,1.449,2.611,2.854,3.781,2.652,1.469,0.0,2.367,3.087,3.24,2.272,1.914,1.25,3.257,1.74,2.282,2.09,2.278,2.567,1.644,3.764,3.311,0.0,3.314,3.344,3.366,3.199,1.471,1.55,2.707,2.802,3.514,2.564,3.325,1.835,2.663,3.108,1.437,2.368,1.81,0.0,3.249,3.694,1.401,1.465,2.414,3.215,1.803,1.342,2.676,2.443,3.167,1.422,2.427,1.918,2.048,2.001,3.359,2.776,1.833,1.444,2.209,2.725,2.159,0.0,1.125,3.213,3.701,3.685,2.391,2.303,4.145,0.0,0.0,2.335,2.678,3.089,2.734,3.491,3.626,2.013,1.497,2.491,2.633,2.478,1.79,1.197,3.571,1.951,1.298,1.415,2.616,3.428,1.417,0.0,1.915,4.017,1.436,3.8,1.895,1.776,1.938,1.764,3.772,2.516,3.717,3.15,3.363,3.392,2.121,1.844,3.577,3.519,2.092,3.694,3.85,1.348,1.466,2.018,1.993,0.8269,1.956,2.983,3.141,1.423,0.0,1.417,1.817,3.508,2.712,1.41,2.083,2.261,1.043,2.862,2.499,2.085,2.968,0.0,1.057,3.536,1.84,1.847,3.944,3.234,3.458,0.0,1.551,3.254,2.202,3.371,1.937,2.818,1.887,2.801,4.161,1.335,1.907,0.0,2.103,1.084,2.06,1.871,1.755,2.008,2.039,2.063,3.626,1.927,4.111,1.219,3.466,1.513,1.952,1.621]},{"cell_type":"chondrocyte","summary":{"avg_expression":2.1823,"median":2.397,"n":127,"pct_expressing":0.88976},"values":[2.785,1.371,2.224,0.0,2.628,2.667,2.084,2.975,2.248,3.008,2.645,3.058,2.988,2.496,0.0,2.421,3.743,0.0,3.265,2.844,2.816,1.698,2.203,1.885,2.953,3.193,2.807,1.925,2.748,2.023,2.978,2.573,3.684,0.0,2.773,2.397,2.497,3.148,1.382,1.196,2.936,2.168,2.873,1.461,2.05,2.42,2.433,2.575,0.0,3.081,2.371,0.0,0.0,3.304,2.378,2.582,2.463,3.059,2.181,3.347,2.836,3.704,1.559,1.812,2.002,1.567,0.0,2.563,2.385,2.858,2.213,2.849,2.088,0.0,2.513,0.0,2.456,2.968,2.206,2.809,1.802,2.191,3.043,2.063,0.0,1.187,1.71,2.417,1.761,2.66,1.272,0.0,2.673,2.379,2.975,2.272,2.734,2.491,3.094,3.372,3.43,2.145,1.692,2.636,2.351,1.996,2.863,2.207,3.215,2.26,2.892,2.646,3.313,2.3,2.525,0.0,0.0,2.685,1.614,1.758,1.799,2.731,1.969,2.248,1.979,1.193,1.21]},{"cell_type":"endothelial","summary":{"avg_expression":2.09148,"median":2.24,"n":343,"pct_expressing":0.93294},"values":[3.325,2.898,1.659,1.993,1.641,0.0,1.272,2.422,2.46,0.0,1.535,2.54,2.09,2.24,3.383,2.321,3.148,2.466,3.14,2.887,2.644,1.48,1.059,2.476,1.562,0.8177,1.814,3.562,3.222,0.3479,3.055,2.868,2.678,1.028,3.155,3.191,0.0,2.52,3.312,0.6578,3.086,1.909,2.26,1.482,3.046,2.98,2.62,2.564,2.066,1.488,1.528,2.675,3.2,2.978,2.494,2.95,2.7,2.776,1.22,3.617,2.443,2.633,1.09,2.191,1.292,2.032,3.521,2.621,1.435,2.657,2.584,2.331,3.294,1.567,2.552,1.555,2.991,2.948,1.899,2.712,0.0,2.028,0.0,2.039,0.0,0.0,3.459,1.299,2.518,1.832,2.171,1.511,0.7163,2.236,3.271,2.505,0.9826,2.279,0.0,2.445,0.0,3.114,2.499,2.316,0.9281,0.0,2.514,1.872,3.26,0.0,2.942,2.066,1.033,1.469,2.308,1.694,1.414,2.661,2.233,2.61,3.314,3.101,1.962,0.0,0.0,1.264,0.9735,2.327,2.67,2.8,2.732,3.15,1.676,2.232,2.632,1.977,2.148,2.424,1.251,1.334,1.941,2.828,1.121,1.276,0.0,3.867,3.309,1.013,1.749,3.109,0.8239,1.708,2.328,2.581,2.555,1.968,1.422,0.0,1.246,3.051,3.327,2.823,2.371,1.682,1.829,2.895,0.9786,0.7028,2.416,2.726,3.263,2.065,1.514,0.0,2.072,1.855,1.513,2.637,3.804,2.217]},{"cell_type":"erythroid_or_mk","summary":{"avg_expression":1.08402,"median":1.084,"n":1129,"pct_expressing":0.9566},"values":[0.9995,1.483,1.572,1.172,1.427,1.208,0.6463,0.9776,1.328,1.555,0.5809,0.6514,0.516,1.281,0.7665,0.9894,1.445,0.9288,1.383,1.712,0.9676,2.014,0.6941,1.588,1.602,1.144,1.258,0.4031,0.791,0.9329,1.625,1.391,0.9428,1.051,1.394,2.302,1.123,0.0,0.5875,1.151,0.8285,0.8916,0.9745,1.055,0.0,2.398,1.062,1.227,1.377,0.5832,1.122,1.183,1.903,0.6131,0.9922,1.305,1.18,0.8327,1.335,1.383,1.403,1.863,1.035,0.9881,0.9545,1.293,1.102,1.233,1.948,1.02,0.4117,0.6148,0.6944,0.5586,1.325,1.142,1.111,0.8671,1.502,0.9997,1.179,1.016,0.0,0.6499,1.17,1.502,0.6944,1.103,1.44,0.7575,1.145,0.7756,0.3753,2.152,0.0,1.719,1.037,0.7406,0.0,2.254,1.01,1.846,1.456,0.555,1.701,0.0,1.123,1.681,0.7889,0.5746,0.5446,1.091,1.04,0.876,1.192,1.253,1.115,0.7697,1.134,1.126,0.7532,1.531,1.136,0.7805,0.9748,1.919,1.449,0.9812,0.7778,1.214,1.331,1.139,1.254,1.015,1.172,0.7208,0.6865,0.6578,1.029,1.001,1.407,1.178,1.329,1.098,1.519,1.605,1.824,0.9556,1.547,0.9933,0.4507,1.074,0.9529,1.311,0.954,0.7046,0.6631,1.326,0.8723,1.026,1.377,0.6578,0.9315,1.385,0.8894,1.001,0.749,0.583,0.6473,1.446,2.447,2.082,0.7448,1.329,1.6,0.8385,1.829,1.237,0.8436,1.248]},{"cell_type":"myeloid","summary":{"avg_expression":1.41201,"median":1.4695,"n":2370,"pct_expressing":0.89916},"values":[1.272,1.783,2.375,1.429,1.01,1.308,1.972,1.389,1.486,1.476,1.302,1.221,1.433,1.242,1.733,0.0,3.537,2.418,0.0,1.632,1.651,1.389,0.6825,1.232,1.696,1.636,1.904,2.613,0.0,1.439,1.743,1.333,1.342,1.18,1.763,1.739,1.103,1.175,1.082,1.278,1.884,1.32,0.6438,1.906,1.586,1.506,1.571,1.257,1.79,1.893,1.864,1.358,1.264,0.801,0.0,1.219,1.26,1.705,1.055,1.702,1.002,0.0,1.912,2.394,0.0,0.8551,1.223,1.148,1.358,2.09,1.74,0.0,1.806,1.783,0.0,1.533,0.0,1.823,1.523,0.8339,1.692,1.598,0.6154,1.633,1.186,1.444,0.6354,3.483,1.226,1.207,1.016,1.466,2.608,2.135,1.547,1.364,0.7798,1.311,0.6833,1.551,1.8,1.302,2.3,1.591,2.035,1.247,2.001,1.34,1.416,1.384,2.121,1.608,1.124,1.215,1.653,0.0,3.302,1.992,1.792,1.766,2.063,0.0,1.575,1.858,1.166,2.342,1.532,2.192,1.973,1.726,0.0,1.253,1.489,1.052,2.317,1.451,1.239,1.42,1.69,1.852,0.412,1.786,1.688,2.787,0.8425,1.814,2.335,1.562,0.3748,2.109,1.698,1.963,1.712,1.338,1.805,0.8737,1.039,1.747,0.6595,1.821,1.476,1.239,1.844,0.5717,1.99,1.961,2.007,2.173,1.192,2.186,1.33,1.393,1.922,0.0,1.696,2.262,0.9622,1.667,2.115,1.994]},{"cell_type":"osteoblast","summary":{"avg_expression":1.99178,"median":2.1415,"n":818,"pct_expressing":0.90831},"values":[1.663,0.0,2.606,2.22,3.44,1.877,2.209,2.051,2.165,2.194,1.804,1.053,2.339,2.246,2.042,3.161,2.143,1.933,2.157,2.069,2.14,1.448,2.07,0.0,1.807,2.53,2.382,2.161,2.39,2.02,2.977,1.851,1.412,1.648,2.207,0.0,2.789,0.0,2.112,1.845,2.436,2.918,2.909,1.877,1.379,2.593,2.155,0.0,0.0,2.331,2.169,2.737,3.518,2.153,2.342,2.063,0.0,2.817,1.808,1.719,2.348,0.0,2.323,0.0,3.44,2.039,2.495,1.782,2.226,2.155,0.0,1.561,0.0,1.541,1.849,2.895,2.671,2.735,2.644,2.724,2.67,2.341,1.406,2.526,2.022,2.392,1.457,2.925,2.176,0.8791,1.579,1.78,2.387,2.237,2.964,1.446,2.032,2.651,2.725,1.993,2.853,1.691,2.542,2.228,2.286,2.423,2.423,1.904,1.68,1.589,1.913,2.381,0.0,2.842,1.916,2.257,2.178,1.837,1.695,2.252,2.676,2.095,2.366,0.0,2.469,2.285,0.0,2.092,2.447,2.643,3.134,3.105,2.537,3.095,1.561,3.144,2.022,1.069,2.907,0.9879,1.314,3.413,1.796,2.046,2.343,1.865,2.625,2.709,2.517,1.907,2.486,2.862,2.492,1.35,2.863,2.965,2.641,2.207,1.722,0.0,1.984,2.257,2.625,2.336,1.691,2.156,2.904,1.524,2.315,1.764,1.906,2.932,1.782,2.288,2.517,1.919,0.0,2.536,2.35,1.711]},{"cell_type":"osteocyte","summary":{"avg_expression":2.12207,"median":2.19,"n":27,"pct_expressing":0.96296},"values":[3.179,1.052,1.806,1.582,1.632,2.19,2.969,2.726,1.829,2.479,2.277,0.0,1.908,2.578,2.309,2.643,1.293,2.958,2.019,2.635,3.288,2.318,2.09,1.965,1.304,3.209,1.058]},{"cell_type":"other","summary":{"avg_expression":2.11927,"median":2.2905,"n":238,"pct_expressing":0.91176},