{"datasets":{"scRNA_Baccin2019_Mouse_BoneMarrow":[{"cell_type":"b_cell","summary":{"avg_expression":1.31599,"median":1.5105,"n":704,"pct_expressing":0.69176},"values":[2.677,2.707,1.745,2.296,2.402,1.838,1.904,1.803,2.381,0.0,2.194,1.539,2.73,0.0,0.8288,1.53,1.586,0.0,1.324,1.314,1.507,0.0,0.8582,3.961,2.302,0.0,1.843,0.0,1.336,0.0,2.084,0.0,0.0,1.796,0.0,0.0,1.572,1.252,2.017,1.818,1.9,1.461,1.402,1.022,2.223,2.611,2.588,1.766,1.708,0.0,0.0,1.474,2.491,0.0,2.161,0.0,0.0,0.0,1.901,1.591,1.524,0.9621,0.0,2.05,1.592,1.456,2.098,0.0,2.534,0.0,2.07,0.0,2.155,1.47,1.229,2.053,1.985,0.0,2.049,0.0,0.0,0.0,0.0,0.0,0.0,0.0,1.47,1.376,2.043,0.0,2.489,0.0,0.0,1.963,0.0,1.899,1.175,1.754,2.532,2.918,1.102,2.263,0.8126,1.269,1.903,3.167,2.452,0.0,2.166,0.0,0.0,1.535,0.0,1.958,2.02,2.022,2.27,1.03,2.559,0.0,2.552,2.445,1.343,1.427,2.147,1.33,0.0,0.7059,2.32,0.0,1.533,2.103,0.0,1.94,0.0,2.754,0.0,1.884,1.112,0.0,1.306,2.389,1.419,0.7353,1.575,2.399,0.0,1.175,0.0,1.49,3.634,2.426,1.569,0.0,0.0,1.246,2.693,1.483,1.113,0.0,0.0,0.0,0.0,2.095,1.333,0.9928,1.794,1.492,1.417,1.749,2.213,0.0,1.457,2.04,1.229,0.0,3.125,1.358,0.0,0.0]},{"cell_type":"chondrocyte","summary":{"avg_expression":0.13204,"median":0.0,"n":127,"pct_expressing":0.07874},"values":[0.0,1.371,0.0,0.0,0.0,0.0,0.0,0.0,0.0,0.0,0.0,0.8551,0.0,1.049,0.9965,0.0,0.0,0.0,0.0,0.0,0.0,0.0,0.0,0.0,0.0,0.0,0.0,0.0,0.0,0.0,0.0,0.0,0.0,0.0,0.0,0.0,0.0,1.883,0.0,0.0,0.0,0.0,0.0,0.7434,0.0,0.0,0.0,0.0,0.0,0.0,0.0,0.0,0.0,0.0,0.0,0.7986,0.0,0.0,0.0,0.0,0.0,0.0,0.0,0.0,0.0,0.0,0.0,0.0,0.0,0.0,0.0,0.0,0.0,0.0,0.0,0.0,0.0,0.0,0.0,0.0,0.0,0.0,0.0,0.0,0.0,0.0,0.0,0.0,0.0,0.0,0.8262,0.0,0.0,0.0,0.0,0.0,0.0,0.0,0.0,0.0,0.0,0.0,0.0,0.0,0.0,0.0,0.0,0.0,0.0,0.0,0.0,0.0,0.0,0.0,0.0,0.0,0.0,0.0,0.0,0.0,0.0,0.0,0.0,0.0,0.0,4.533,3.713]},{"cell_type":"endothelial","summary":{"avg_expression":1.38079,"median":0.0,"n":343,"pct_expressing":0.41108},"values":[4.07,0.0,4.038,0.0,0.0,3.599,4.299,0.0,4.48,4.338,0.0,0.0,3.317,0.0,0.0,4.192,4.394,0.0,0.0,1.962,2.43,0.0,3.265,0.0,3.903,0.0,0.0,1.311,0.0,1.778,4.566,0.0,1.191,0.0,0.0,4.654,0.0,0.0,3.181,4.14,0.0,4.237,2.117,1.367,4.598,0.0,0.0,0.0,3.793,0.0,0.0,0.0,2.664,0.0,1.896,3.823,0.0,0.0,4.165,0.0,0.0,1.605,3.28,0.0,3.799,3.81,0.0,4.247,0.0,0.0,0.0,0.0,0.0,0.0,0.0,3.415,4.638,1.554,2.375,2.91,0.0,0.0,0.0,0.0,0.0,0.0,0.0,4.495,0.0,3.377,4.502,0.0,2.53,0.0,0.0,4.195,4.069,0.0,0.0,0.0,0.0,4.789,1.326,0.0,0.0,4.632,0.0,4.397,0.0,4.165,3.51,0.0,1.567,3.445,0.0,4.557,0.0,4.696,0.0,0.0,0.0,0.0,3.303,0.0,2.598,0.0,2.356,0.0,0.0,0.0,0.0,3.968,4.5,0.0,0.0,0.0,0.0,0.0,4.42,1.839,0.0,3.767,1.236,3.109,4.295,1.351,0.0,4.21,0.0,0.0,3.563,0.0,0.0,0.0,3.721,0.0,0.0,4.437,0.0,0.0,0.0,0.0,2.947,0.0,0.0,0.0,3.995,1.615,0.0,0.0,0.0,4.664,0.0,0.0,0.0,0.0,0.0,3.933,0.0,1.745]},{"cell_type":"erythroid_or_mk","summary":{"avg_expression":4.30754,"median":4.657,"n":1129,"pct_expressing":0.98849},"values":[4.642,4.72,4.632,4.657,4.764,4.676,4.773,4.593,4.979,4.6,4.491,3.795,4.733,1.296,4.599,0.0,4.555,4.659,4.451,4.662,4.683,4.32,4.819,4.737,4.993,4.229,4.612,4.52,1.525,4.482,5.235,4.712,2.247,4.794,4.646,1.811,4.859,4.308,4.742,4.919,4.691,4.756,4.625,4.683,4.186,4.656,4.174,4.099,4.674,4.356,4.677,4.769,4.672,4.608,4.771,2.166,4.476,4.842,4.524,4.451,4.603,4.695,4.94,4.601,4.61,4.598,4.826,1.423,4.603,4.465,4.671,4.884,4.623,4.872,4.656,4.808,4.77,4.121,1.44,4.752,4.7,4.803,4.725,1.37,4.644,4.829,4.382,2.433,4.719,2.215,2.182,2.609,5.14,4.677,4.632,4.738,4.709,4.583,4.683,4.891,1.242,4.809,4.677,4.628,4.575,4.591,4.635,4.735,4.776,4.746,4.737,0.8043,4.597,4.157,4.741,5.009,4.647,4.696,4.721,4.632,4.806,3.638,4.805,4.291,4.6,0.0,1.801,4.848,4.868,4.864,4.629,4.575,4.529,4.637,4.635,4.835,4.554,4.866,4.703,4.402,4.701,4.781,4.793,4.7,4.787,3.766,4.763,4.766,4.573,4.923,1.212,4.847,4.569,4.918,4.69,3.915,4.656,4.724,4.677,4.666,4.907,1.739,4.772,4.463,4.71,4.632,4.724,4.683,4.49,4.685,4.683,4.667,4.774,2.018,4.614,4.799,4.772,4.527,4.889,4.844]},{"cell_type":"myeloid","summary":{"avg_expression":1.00186,"median":0.7162,"n":2370,"pct_expressing":0.57046},"values":[2.255,2.054,0.0,1.234,1.433,0.0,0.0,1.443,1.91,1.79,0.0,0.0,0.0,1.336,0.0,0.0,0.0,0.0,2.025,0.0,1.488,0.5251,0.7247,0.7192,0.7989,0.0,0.0,2.855,2.129,1.792,0.0,0.0,0.0,0.0,0.0,1.35,0.0,1.298,0.8563,0.0,0.0,0.0,2.371,0.0,0.0,1.068,1.409,0.0,0.492,0.0,3.243,0.0,0.0,0.0,0.8604,3.805,0.0,4.416,1.058,1.52,1.205,1.918,1.67,2.644,0.0,1.413,0.0,0.0,1.809,1.525,0.8248,1.385,0.0,0.0,1.407,0.0,4.464,0.7782,0.0,0.0,1.908,0.0,1.993,0.0,0.7571,0.0,0.0,1.873,0.0,1.857,3.212,3.093,0.8762,0.0,1.282,3.005,0.0,0.0,2.334,1.834,1.491,0.0,0.0,0.0,0.0,0.0,0.0,0.0,1.58,0.5567,2.982,0.9526,0.0,0.0,0.5201,3.406,0.0,1.762,0.0,0.0,0.0,4.391,1.515,0.0,0.792,0.0,0.6094,0.5225,1.987,0.9501,1.086,0.0,0.0,2.554,1.378,0.0,1.313,0.9961,0.0,4.198,0.0,0.0,0.0,0.0,0.0,0.0,0.0,2.086,2.633,0.0,0.6454,0.0,0.0,1.904,1.069,0.0,1.668,0.7565,0.7442,0.6069,2.135,0.0,0.0,2.445,0.0,4.154,0.6799,0.0,3.139,0.0,1.431,0.6522,3.215,0.0,0.4262,0.9175,0.0,1.814,0.0,1.466]},{"cell_type":"osteoblast","summary":{"avg_expression":0.22865,"median":0.0,"n":818,"pct_expressing":0.14181},"values":[0.0,0.0,0.0,0.0,0.0,0.0,0.0,0.0,0.0,0.7974,0.0,0.0,1.029,0.0,0.0,0.0,0.0,2.153,0.0,0.0,0.0,0.0,0.0,0.0,0.0,0.0,0.0,0.0,0.0,0.0,0.0,0.0,0.0,0.0,0.0,0.0,0.0,0.0,0.0,0.0,0.0,0.0,0.0,3.513,0.0,0.0,0.0,0.0,0.0,0.0,1.553,0.0,0.0,2.293,0.0,0.0,1.177,1.123,0.0,0.0,1.041,0.9006,0.0,0.0,0.0,2.418,0.0,0.0,0.0,0.0,0.0,0.0,0.0,0.0,0.0,1.447,3.526,0.0,0.0,0.6575,0.0,0.0,0.0,0.0,0.0,0.871,0.0,0.0,0.0,0.0,0.0,0.0,3.979,0.0,0.0,0.0,0.0,0.0,0.0,0.0,0.8022,3.899,0.0,1.172,0.0,0.0,0.0,1.508,0.0,0.0,0.0,0.0,0.0,0.8983,0.0,0.0,1.097,0.0,0.0,1.71,0.0,0.0,0.0,4.089,0.0,0.9354,0.0,0.0,0.0,0.0,0.0,1.142,3.553,0.0,0.0,0.0,0.0,0.0,0.0,0.0,0.0,0.0,0.0,0.0,0.0,0.0,0.0,0.0,1.258,0.0,0.0,0.0,0.7648,0.0,1.207,0.8692,1.418,0.0,0.0,0.0,0.0,0.0,0.0,0.0,0.9451,0.0,0.0,0.0,0.0,0.0,0.0,1.442,0.9805,0.0,0.0,0.0,0.0,0.0,1.258,0.0]},{"cell_type":"osteocyte","summary":{"avg_expression":0.65059,"median":0.0,"n":27,"pct_expressing":0.22222},"values":[0.0,4.484,0.9912,0.0,0.0,2.19,0.0,0.0,0.0,0.0,0.0,0.0,0.0,0.9248,0.0,0.0,0.0,0.0,0.0,0.0,0.0,0.0,0.0,0.0,4.368,0.0,4.608]},{"cell_type":"other","summary":{"avg_expression":1.1288,"median":0.0,"n":238,"pct_expressing":0.36975},"values":[4.332,0.0,0.0,0.0,0.0,0.0,0.0,0.0,1.981,4.577,0.9898,0.0,0.0,0.0,2.174,0.0,0.0,0.0,0.0,0.0,4.5,1.38,0.0,0.0,3.514,1.262,0.0,2.61,4.755,1.727,0.0,0.0,0.0,0.0,2.609,1.045,1.352,0.0,0.0,0.0,0.0,3.615,0.0,0.0,0.0,0.0,4.11,4.382,0.0,0.0,0.0,0.0,0.0,4.066,2.326,0.0,0.0,0.9821,3.091,0.0,2.558,1.023,0.0,0.0,0.0,0.0,2.876,0.0,4.36,0.0,0.0,0.0,0.0,0.0,0.0,1.552,0.0,4.579,0.9573,0.0,3.664,4.419,4.523,2.223,0.0,0.0,0.0,1.69,0.0,2.563,3.931,1.129,0.0,0.0,3.605,0.0,0.0,0.0,2.005,0.0,0.0,3.467,0.0,0.0,0.0,0.0,2.128,2.325,4.674,0.0,2.613,0.0,0.0,0.0,0.0,1.723,0.0,3.548,4.383,3.104,1.71,0.0,0.0,0.0,0.0,1.685,3.776,0.0,0.0,0.0,0.0,0.0,0.0,0.0,0.0,0.0,0.0,2.545,0.0,0.0,0.0,0.0,0.0,4.005,1.557,0.0,0.0,3.998,3.434,0.0,0.0,0.0,4.51,0.0,1.088,0.0,0.0,2.99,3.839,0.0,0.0,0.0,0.0,0.0,1.794,4.404,2.57,0.0,0.0,0.0,2.999,2.505,4.565,2.086,0.0,0.0,0.0,4.284,0.0,0.0]},{"cell_type":"stromal_mesenchymal","summary":{"avg_expression":0.26016,"median":0.0,"n":1066,"pct_expressing":0.12383},