{"datasets":{"scRNA_Baccin2019_Mouse_BoneMarrow":[{"cell_type":"b_cell","summary":{"avg_expression":0.98069,"median":1.215,"n":704,"pct_expressing":0.58807},"values":[0.0,1.72,0.0,0.0,2.103,0.0,1.094,1.494,0.0,0.0,2.176,1.112,0.0,0.0,2.132,1.419,2.152,1.07,1.38,1.49,1.545,0.0,0.0,1.991,1.81,0.0,0.0,1.863,2.065,2.418,1.626,1.487,0.8741,2.053,1.926,2.287,0.0,1.981,1.449,0.0,1.119,1.457,2.237,1.764,0.0,2.226,1.358,1.355,1.236,0.0,0.0,0.0,1.829,0.0,2.085,0.0,1.489,1.16,1.882,0.0,0.0,1.334,0.0,2.131,1.203,1.954,0.0,0.0,0.0,2.016,2.318,0.0,2.127,2.363,0.0,0.0,1.734,1.864,1.962,0.0,0.0,0.0,2.052,0.0,1.992,0.0,0.0,0.0,1.422,2.065,1.686,1.362,1.476,0.0,0.9555,1.715,0.0,1.369,0.0,0.0,1.224,0.0,0.0,1.471,0.0,0.0,0.0,0.0,0.0,0.0,0.0,1.663,0.0,0.0,0.0,2.174,1.83,0.0,0.0,1.506,1.847,1.799,1.738,0.0,1.006,0.0,0.0,2.035,0.0,1.197,0.7918,1.736,0.0,0.0,1.915,1.436,1.904,1.887,0.0,1.806,1.812,2.559,1.938,2.111,2.111,0.0,2.387,1.179,2.195,0.0,0.0,1.813,0.0,1.811,1.94,1.645,0.0,1.34,0.0,2.018,1.428,0.0,2.006,1.395,0.0,0.0,0.0,1.994,0.0,1.394,2.602,1.119,1.738,1.738,1.507,1.544,0.0,0.0,0.5867,0.0]},{"cell_type":"chondrocyte","summary":{"avg_expression":0.16264,"median":0.0,"n":127,"pct_expressing":0.12598},"values":[0.0,0.0,0.0,0.0,1.541,0.0,1.015,0.0,0.0,0.0,0.0,1.309,0.0,1.049,0.0,0.0,0.0,0.0,0.0,0.0,0.0,0.0,0.0,0.0,1.185,0.0,0.0,0.9019,0.0,0.0,0.0,0.0,1.766,0.0,0.0,0.0,0.0,0.0,0.0,0.0,0.0,0.0,0.0,0.0,0.0,0.0,0.0,0.0,0.0,0.0,0.0,0.0,0.0,0.0,1.155,0.0,0.0,0.0,0.0,0.0,0.0,0.0,0.0,0.0,0.0,0.0,0.0,0.0,0.0,0.0,0.0,0.0,0.0,0.0,0.0,0.0,0.0,0.0,0.0,0.0,0.0,0.6327,0.0,0.0,0.0,0.0,0.0,0.0,0.0,0.0,1.272,0.0,0.0,0.0,0.0,0.0,0.0,0.0,0.0,0.0,0.0,0.0,0.0,0.0,1.348,0.0,0.0,0.0,0.0,0.0,0.0,0.0,1.46,0.0,0.0,0.0,0.0,0.0,0.0,1.758,0.9862,0.0,0.0,0.0,0.0,2.066,1.21]},{"cell_type":"endothelial","summary":{"avg_expression":0.33138,"median":0.0,"n":343,"pct_expressing":0.21866},"values":[0.0,0.0,0.0,0.0,1.208,1.973,0.0,1.927,1.175,1.013,0.0,0.0,0.8239,0.0,0.6437,0.0,0.0,1.197,0.0,0.0,0.0,0.0,0.0,0.0,0.0,0.0,0.0,0.0,0.9786,0.0,0.0,0.0,0.0,0.0,1.692,0.0,0.0,0.0,0.0,1.164,0.0,0.0,0.0,2.213,0.0,0.0,0.0,0.0,0.0,0.0,1.73,0.0,0.0,1.223,0.0,0.0,0.0,1.695,0.0,0.0,0.0,0.0,0.0,0.0,0.0,0.0,0.0,0.0,0.0,0.0,0.0,0.0,0.0,0.0,0.0,0.0,0.0,0.0,2.144,0.0,0.0,0.0,0.0,0.0,0.0,0.0,0.0,0.0,0.0,0.0,0.0,0.0,0.0,0.0,0.0,0.0,0.0,0.0,0.0,1.148,0.0,0.0,0.0,0.0,0.0,0.0,0.0,1.182,0.0,0.0,1.889,0.0,0.0,2.683,0.0,0.0,2.179,1.997,0.0,1.775,0.0,0.0,0.9708,0.0,2.362,0.0,1.191,0.0,0.0,0.0,0.0,0.0,1.617,0.0,0.5181,0.6757,0.0,0.7173,2.183,0.0,0.0,0.0,0.0,0.0,1.303,1.735,1.442,0.0,0.0,0.0,0.0,0.0,0.0,0.0,0.0,0.0,0.0,1.598,0.0,0.0,1.101,0.0,0.0,0.0,0.0,0.0,0.0,1.348,0.0,0.0,1.569,0.0,1.659,0.0,0.5341,2.025,0.0,0.0,0.0,0.0]},{"cell_type":"erythroid_or_mk","summary":{"avg_expression":1.89435,"median":1.997,"n":1129,"pct_expressing":0.96457},"values":[2.287,1.078,2.039,1.45,2.22,2.105,1.831,2.151,2.353,1.778,0.0,1.875,2.142,1.914,2.455,2.366,0.0,1.047,2.136,2.125,2.173,2.184,2.284,1.893,2.133,1.403,1.909,2.141,2.154,2.096,2.169,1.812,1.784,1.867,2.21,1.291,1.704,2.082,2.302,2.349,2.053,2.287,2.007,2.187,2.329,2.094,1.937,1.819,1.461,1.448,1.839,1.051,2.486,1.701,1.983,1.998,2.058,1.931,0.9033,1.961,1.366,1.883,2.363,1.665,1.982,2.001,1.822,0.0,2.11,2.237,2.114,1.566,0.9114,2.507,2.067,1.954,1.79,2.085,1.736,2.224,0.666,2.606,2.223,1.78,2.163,2.164,2.054,1.655,1.402,1.114,2.273,1.812,1.89,1.857,1.519,1.896,1.008,1.712,2.119,2.248,1.909,1.98,1.734,1.901,1.953,2.143,2.042,2.018,1.394,2.358,1.869,2.165,2.047,1.985,0.0,2.177,1.633,1.902,1.582,1.735,1.844,1.72,1.628,2.077,1.776,1.974,1.937,2.02,2.045,1.681,2.097,0.9142,1.926,2.17,2.042,2.012,1.609,1.967,1.807,2.072,1.874,2.209,2.451,2.31,2.423,2.074,1.966,1.584,1.387,1.63,1.901,1.851,2.369,1.684,1.928,1.966,1.985,2.069,2.015,2.24,2.366,1.947,2.016,1.701,2.098,1.186,1.999,2.314,1.934,1.845,2.389,2.355,1.913,0.9805,1.817,2.05,2.277,1.664,2.231,1.623]},{"cell_type":"myeloid","summary":{"avg_expression":1.08814,"median":1.2355,"n":2370,"pct_expressing":0.77595},"values":[0.6208,0.0,0.9949,0.0,0.0,1.417,0.0,1.027,2.195,0.0,0.9926,1.622,1.535,0.764,0.0,0.0,1.388,2.367,2.011,1.239,1.038,1.553,1.342,1.626,1.644,0.7151,0.0,0.0,0.8992,1.699,1.217,0.8541,2.191,0.8277,1.183,1.222,2.2,1.07,1.106,1.327,1.738,0.6419,1.688,1.017,1.087,0.5341,1.708,0.8218,1.398,1.891,1.357,1.012,0.8606,1.312,1.062,1.569,0.0,0.0,1.26,0.8342,1.166,1.731,0.0,1.467,1.731,0.0,1.348,0.0,0.6407,1.146,1.752,0.0,0.8729,1.705,0.0,1.309,1.909,0.8398,1.103,2.456,0.0,1.645,0.0,0.0,0.7524,1.553,1.674,1.263,0.0,1.422,0.7562,1.381,0.5572,1.152,2.086,0.8249,1.424,0.0,0.0,1.37,2.144,0.8558,1.004,0.0,0.8264,0.0,1.573,1.843,0.7658,0.5332,0.0,1.137,1.176,2.011,1.067,1.663,0.0,1.189,1.815,0.0,1.126,1.366,1.467,1.433,1.595,1.519,1.822,1.723,0.0,1.318,1.452,1.405,1.751,0.6109,1.209,1.548,0.0,1.185,1.45,0.9883,1.402,1.126,1.806,0.9481,1.756,1.196,0.0,1.382,1.088,1.411,0.0,1.441,1.535,1.422,1.334,2.31,1.593,0.9646,2.454,1.225,2.027,1.919,1.138,1.61,2.191,0.5278,1.858,1.354,1.496,0.0,1.93,1.674,1.55,0.0,1.739,1.426,0.5922,1.451,1.996,0.5257]},{"cell_type":"osteoblast","summary":{"avg_expression":0.22889,"median":0.0,"n":818,"pct_expressing":0.18826},"values":[0.0,0.0,0.0,0.0,1.059,1.09,0.0,0.0,0.0,0.0,0.0,0.0,1.654,0.0,0.0,1.057,0.0,0.0,0.0,0.0,0.0,0.0,0.0,0.0,0.0,0.0,0.0,0.0,1.546,0.0,0.0,0.0,0.0,0.957,0.0,0.0,0.0,0.0,0.0,0.0,0.0,0.0,0.0,1.684,0.0,1.256,0.8615,1.183,0.0,0.7473,0.0,1.422,0.0,0.0,0.0,0.0,0.0,0.0,1.751,0.0,0.872,0.0,0.0,0.0,0.0,0.0,0.0,0.0,0.0,0.0,0.0,0.0,0.0,0.0,0.0,0.0,0.0,0.0,0.0,0.0,0.0,0.9105,0.0,0.0,0.0,0.0,0.0,0.0,0.0,1.497,0.0,0.0,0.0,0.0,0.0,0.0,0.0,1.17,0.0,0.0,0.0,0.0,0.0,0.0,0.0,0.0,0.0,1.009,0.0,0.0,0.0,0.0,0.0,0.0,0.0,0.0,0.0,0.0,1.152,0.0,0.0,0.0,0.0,0.0,0.0,0.0,0.0,0.0,0.0,0.0,0.0,1.34,0.0,1.2,0.0,0.0,0.0,0.0,0.0,0.0,1.291,0.0,0.0,0.0,0.0,0.0,1.628,0.0,0.0,0.0,0.0,0.0,0.0,0.0,0.0,1.696,0.0,0.0,1.177,0.0,1.041,0.0,0.0,0.0,0.0,0.0,0.0,0.0,0.0,0.0,0.0,0.0,0.0,0.0,0.0,0.9606,0.0,0.0,0.0,0.0]},{"cell_type":"osteocyte","summary":{"avg_expression":0.15397,"median":0.0,"n":27,"pct_expressing":0.11111},"values":[0.0,0.0,0.9912,0.0,0.0,0.0,0.0,1.024,0.0,0.0,0.0,0.0,0.0,0.0,0.0,0.0,0.0,0.0,0.0,0.0,0.0,0.0,0.0,0.0,0.0,0.0,2.142]},{"cell_type":"other","summary":{"avg_expression":0.49432,"median":0.0,"n":238,"pct_expressing":0.29832},"values":[0.0,0.0,0.0,0.0,2.105,0.0,0.0,0.0,2.14,0.0,0.0,1.914,0.0,0.0,0.0,0.908,0.0,0.0,0.0,0.0,0.0,0.0,0.0,0.0,2.177,1.385,0.0,0.0,0.0,0.0,0.0,0.0,0.0,0.0,0.0,0.0,1.075,1.648,1.842,1.787,0.0,0.0,0.0,0.0,1.565,0.0,1.241,0.0,0.0,0.0,1.328,0.0,0.0,0.0,0.0,0.0,0.0,0.0,0.0,0.0,0.0,0.0,0.0,0.0,1.974,0.0,1.824,1.699,0.0,0.0,0.0,0.0,0.0,0.0,1.065,0.0,0.0,2.412,2.378,0.0,1.845,0.0,0.0,2.143,0.0,2.181,0.0,2.294,0.0,0.9898,0.0,1.366,0.9468,2.06,0.0,0.0,0.0,0.0,0.0,0.0,0.9573,0.0,0.0,1.589,0.0,0.0,0.0,1.935,1.649,0.0,0.0,0.0,0.0,0.8019,0.0,0.0,0.0,0.0,0.0,0.0,0.0,0.0,0.0,0.0,0.0,0.0,0.0,1.195,1.931,0.0,2.423,0.0,0.0,0.0,0.0,0.0,0.0,2.113,0.0,0.9682,1.792,1.604,2.005,2.237,0.0,0.0,1.771,0.0,1.726,0.0,1.924,0.0,0.0,0.0,0.0,0.0,0.0,0.0,0.0,0.0,0.0,2.286,0.0,0.0,0.0,0.8434,0.0,0.0,0.0,0.0,2.195,0.0,0.0,0.0,2.325,0.0,0.0,0.0,0.0,0.0]},{"cell_type":"stromal_mesenchymal","summary":{"avg_expression":0.16194,"median":0.0,"n":1066,"pct_expressing":0.10976},