{"datasets":{"scRNA_Baccin2019_Mouse_BoneMarrow":[{"cell_type":"b_cell","summary":{"avg_expression":0.96513,"median":0.8602,"n":704,"pct_expressing":0.53409},"values":[1.17,0.0,2.092,1.874,2.528,2.77,0.0,2.779,2.645,0.0,2.242,1.39,2.96,0.8858,2.589,0.0,0.0,0.9489,0.9225,1.563,0.0,1.297,1.337,3.169,0.0,0.0,1.549,0.8375,0.0,1.855,0.0,0.0,0.0,0.0,0.0,1.381,0.0,0.0,1.292,0.0,0.8182,0.0,1.49,0.6344,0.0,2.488,1.845,1.499,0.0,0.0,2.009,0.0,0.0,0.0,1.507,0.0,1.419,1.297,1.336,2.125,2.053,1.508,0.0,0.0,2.137,1.79,0.0,0.0,2.254,0.9768,0.0,1.402,2.296,0.0,1.405,0.0,1.443,1.972,0.0,1.474,0.0,0.0,0.0,0.0,2.112,1.236,1.083,0.0,2.376,0.0,2.951,0.0,2.383,2.194,0.0,0.8349,0.0,0.0,0.0,1.496,0.0,0.0,0.0,1.42,0.0,2.735,0.0,2.83,0.0,0.0,1.47,1.376,0.0,0.0,0.0,0.0,2.478,0.0,0.0,0.0,0.9603,1.81,1.63,3.16,1.175,0.0,0.0,0.9527,0.0,0.0,2.454,1.102,3.069,2.498,0.0,0.0,2.565,0.0,2.238,0.0,0.0,1.526,0.0,2.108,0.0,1.738,0.0,1.531,0.836,0.0,1.955,0.0,0.0,1.03,2.541,1.83,2.338,1.616,0.0,2.92,0.949,2.908,1.964,0.0,0.0,1.33,1.63,2.762,1.401,0.0,1.533,1.525,1.904,0.0,1.327,0.0,1.494,0.0,2.42,1.906]},{"cell_type":"chondrocyte","summary":{"avg_expression":1.28848,"median":1.538,"n":127,"pct_expressing":0.65354},"values":[1.803,1.928,1.634,3.343,2.962,3.325,2.923,3.316,2.248,2.662,2.997,2.348,2.281,2.763,1.813,0.0,2.14,0.0,1.525,1.106,0.0,2.666,1.615,1.553,0.0,1.588,2.173,1.925,1.538,0.0,2.768,1.306,1.766,0.0,0.0,1.609,2.497,0.0,0.0,0.0,1.519,0.0,0.0,1.165,1.478,2.42,2.433,1.955,0.0,1.64,1.767,0.0,0.0,1.832,1.449,1.541,0.0,2.05,1.595,1.87,1.438,0.0,2.141,2.796,0.0,0.0,0.0,1.608,2.385,1.739,1.624,1.623,1.512,0.0,0.0,1.896,1.516,2.447,0.0,0.0,0.0,1.294,2.397,0.0,0.0,1.901,2.68,1.483,0.0,0.0,1.272,0.0,0.0,3.025,1.973,0.0,0.0,1.779,0.0,1.891,1.463,1.257,1.692,0.0,0.0,1.43,1.211,0.0,2.73,1.666,1.898,0.0,2.655,0.0,1.575,0.0,3.036,0.0,0.0,1.758,2.241,0.0,1.547,2.248,0.0,0.7647,1.21]},{"cell_type":"endothelial","summary":{"avg_expression":0.75898,"median":0.0,"n":343,"pct_expressing":0.37901},"values":[0.0,0.0,1.064,0.0,0.0,1.101,0.0,0.0,0.0,1.19,0.0,3.136,0.0,1.546,1.457,2.422,0.0,1.832,1.782,0.0,3.087,2.68,1.988,0.0,0.0,0.0,0.0,0.0,0.0,0.0,0.0,0.0,0.0,0.0,0.0,0.0,2.499,2.533,0.0,2.136,0.0,0.0,1.169,0.0,2.917,0.0,0.0,0.0,0.0,1.345,0.0,0.0,1.937,2.444,0.0,1.022,0.0,0.0,2.306,1.701,1.623,0.0,0.0,1.328,2.528,0.0,2.132,0.0,0.0,0.0,0.0,0.0,1.605,2.791,0.0,1.121,0.0,2.091,0.0,0.0,0.0,0.0,1.311,2.217,0.0,0.0,0.0,2.071,1.91,2.457,0.0,0.0,1.159,1.804,0.0,0.0,0.0,0.0,0.0,0.0,2.482,0.0,0.0,0.0,2.934,0.0,1.513,0.0,1.632,0.0,0.0,0.0,1.347,0.0,0.0,1.869,0.0,2.776,0.0,0.0,1.88,0.0,0.0,0.0,0.0,0.6,0.0,0.0,2.99,1.46,0.0,0.0,2.263,0.0,0.0,1.43,0.0,0.0,0.7155,0.0,1.013,0.0,2.839,0.0,2.796,0.0,0.0,2.33,0.0,0.0,0.0,1.751,2.213,0.0,0.0,0.0,1.259,0.0,0.0,0.0,0.0,3.034,1.624,1.032,1.37,0.0,2.59,0.0,1.812,0.0,1.715,0.0,0.0,0.0,0.0,0.0,2.768,2.8,0.0,0.0]},{"cell_type":"erythroid_or_mk","summary":{"avg_expression":0.61451,"median":0.7105,"n":1129,"pct_expressing":0.65279},"values":[0.8519,0.0,1.139,1.508,1.585,1.128,0.0,0.3544,0.9027,0.8132,0.7453,0.5689,0.0,0.7893,0.8889,1.039,1.245,0.9568,1.026,1.092,0.9457,0.0,0.0,0.8134,0.6748,0.0,0.0,0.8544,0.4826,1.314,0.6333,1.379,0.74,0.7493,0.6674,0.8443,0.8509,0.0,1.099,1.171,0.0,0.0,1.07,0.0,0.7921,0.6051,0.7992,0.8636,0.681,0.9555,0.0,0.6732,1.025,0.9251,0.8692,1.361,0.6802,0.0,0.0,0.0,1.671,0.0,1.051,1.068,0.9068,0.7415,1.062,0.7178,0.928,0.771,0.8179,0.0,0.8339,0.9836,0.9344,0.0,0.7299,0.0,1.159,0.0,0.822,0.7458,0.464,1.026,1.101,1.057,0.6106,0.6049,1.088,1.207,1.434,1.166,0.7591,0.7387,1.117,0.8946,0.0,0.8283,0.0,1.151,0.8926,1.129,0.7761,0.8378,0.7365,0.8484,0.9715,0.0,0.9797,0.7208,0.6653,0.9896,0.9944,0.7743,1.118,0.0,0.0,1.515,0.7937,0.9865,0.8255,0.886,0.0,1.297,0.0,0.594,1.002,1.124,0.9652,1.194,0.0,0.0,0.0,1.096,0.0,0.6967,1.235,1.415,1.1,1.054,0.4693,0.0,0.0,0.6471,0.0,0.5969,1.063,1.523,0.8628,0.0,0.5769,0.3919,0.7995,0.5983,0.6704,1.194,1.248,0.7144,0.0,0.8828,0.0,0.0,0.6057,0.0,1.042,1.196,0.6409,1.014,0.0,1.147,0.9243,1.623,1.142,0.0,1.589,0.9394,0.0,0.3849,0.8124,1.349]},{"cell_type":"myeloid","summary":{"avg_expression":0.31984,"median":0.0,"n":2370,"pct_expressing":0.34051},"values":[0.0,0.0,0.0,0.0,0.0,0.6069,0.0,0.0,0.0,0.0,0.4791,0.6799,0.0,1.207,0.0,0.0,0.6522,0.0,0.9091,0.0,0.0,1.152,0.0,1.105,0.0,0.0,0.0,0.0,1.147,0.0,0.5844,0.0,0.0,0.8604,0.0,0.0,0.0,0.0,1.446,0.0,0.0,1.064,0.0,0.0,0.0,0.0,0.669,0.611,0.9037,0.0,0.0,0.0,1.081,0.0,0.0,0.0,0.0,1.368,0.0,0.0,0.0,0.0,0.0,0.678,0.0,0.5688,0.6711,0.0,0.0,0.0,0.0,0.0,0.0,0.6352,0.0,0.989,0.0,0.0,0.7897,0.0,1.03,0.7875,0.7044,0.0,0.0,0.0,0.0,0.9024,0.719,0.0,1.343,0.6962,0.0,1.338,0.0,1.475,0.0,0.7719,0.6718,0.0,0.0,0.0,1.005,1.105,0.0,0.7612,0.0,1.274,0.0,0.0,0.5049,0.0,0.6072,0.6222,0.6211,0.0,1.037,0.0,0.0,0.7078,1.687,0.0,0.0,0.0,1.275,0.0,0.0,0.0,0.0,0.5541,0.0,0.0,0.0,0.9534,1.116,0.0,1.084,0.9444,1.286,0.0,0.6909,0.0,0.0,0.0,0.6931,0.0,0.0,0.0,1.571,0.0,0.8109,0.0,0.771,0.9438,0.6936,0.9129,1.041,0.0,0.0,0.0,0.0,1.02,0.0,0.7382,1.004,0.0,0.0,0.0,1.329,0.0,0.0,0.0,0.0,1.243,1.874,0.8921,0.5839,1.068,0.5811,0.0]},{"cell_type":"osteoblast","summary":{"avg_expression":0.68516,"median":0.0,"n":818,"pct_expressing":0.35697},"values":[0.0,0.0,0.0,0.0,0.0,0.0,0.0,0.0,0.0,0.0,1.551,0.0,0.0,1.634,1.454,0.0,0.0,1.894,0.0,0.0,0.0,0.0,0.0,0.0,0.0,0.0,0.0,0.0,0.0,2.824,0.0,0.0,0.0,0.0,1.468,0.0,0.0,1.96,0.0,2.843,0.0,0.0,0.0,0.0,0.0,0.0,0.0,0.0,1.75,1.348,0.0,0.0,1.576,0.0,0.0,0.0,0.0,0.0,0.0,0.0,3.63,0.0,1.243,0.0,2.447,1.332,0.0,0.0,0.0,1.626,1.691,0.0,0.0,0.0,0.0,0.0,0.0,0.0,1.913,1.239,1.617,0.0,1.664,0.0,0.0,0.0,1.076,0.0,2.006,0.0,3.299,1.673,0.0,0.0,0.0,0.0,0.0,1.389,0.0,0.0,0.0,0.0,0.0,2.158,0.0,0.0,0.0,0.0,3.066,0.0,2.61,0.0,0.0,0.0,0.0,2.621,1.068,0.0,0.0,3.066,1.947,1.35,0.0,1.635,1.642,0.0,0.0,0.0,2.557,0.0,0.0,0.0,1.374,1.068,2.384,0.0,0.0,0.0,0.0,0.0,0.0,0.0,1.458,1.92,1.567,2.034,0.0,0.0,0.0,0.0,1.426,1.626,3.363,2.082,0.0,0.0,0.0,0.0,1.163,0.0,0.0,1.081,0.0,0.0,1.481,0.0,0.0,1.103,2.112,0.0,1.141,0.0,1.306,0.0,0.0,0.0,0.0,0.0,0.0,2.056]},{"cell_type":"osteocyte","summary":{"avg_expression":1.81811,"median":1.961,"n":27,"pct_expressing":0.7037},"values":[0.0,3.299,2.788,1.916,3.835,0.0,1.726,3.78,1.501,2.277,3.305,1.961,3.848,0.0,2.951,0.0,0.0,1.716,3.025,2.904,2.261,0.0,0.0,2.586,0.0,2.352,1.058]},{"cell_type":"other","summary":{"avg_expression":0.71876,"median":0.0,"n":238,"pct_expressing":0.40336},"values":[0.0,0.0,0.0,0.0,0.0,0.0,1.887,0.0,0.0,0.0,0.0,1.771,0.0,0.0,0.0,1.017,2.146,0.0,2.248,1.896,0.0,0.0,2.326,0.0,0.0,0.0,1.67,0.0,0.0,0.0,2.211,0.0,1.32,0.0,0.0,0.0,1.118,1.73,2.636,2.833,2.109,1.421,1.466,0.0,2.287,1.904,2.433,1.958,1.622,0.8751,0.0,0.0,2.093,0.5776,0.8016,0.0,1.536,0.0,0.0,1.33,0.0,2.246,3.016,0.0,0.0,1.98,0.0,1.798,1.241,0.0,0.0,2.593,0.0,0.0,0.8226,0.0,2.187,0.0,2.135,0.0,0.0,0.0,0.0,1.459,0.0,0.0,0.0,0.0,1.517,0.8351,0.0,2.552,2.131,0.0,2.174,0.0,2.039,0.0,0.717,2.74,2.228,2.689,1.243,1.515,1.059,0.0,0.0,1.649,3.268,0.0,0.0,0.0,2.153,0.0,1.672,1.719,0.0,2.764,0.0,0.0,0.0,1.497,0.0,0.0,1.784,1.385,1.195,0.7789,1.828,0.0,0.0,0.0,2.09,0.0,0.0,2.129,0.0,1.466,0.0,0.0,1.576,0.0,0.0,0.0,0.0,0.0,0.0,1.917,0.0,1.38,0.0,2.225,0.0,0.0,0.0,0.0,0.0,0.0,0.0,0.0,1.613,0.0,0.7941,0.0,1.352,1.585,2.063,0.0,0.0,0.0,0.0,0.0,0.0,0.6874,0.0,2.597,1.824,0.0,0.0,0.0]},{"cell_type":"stromal_mesenchymal","summary":{"avg_expression":0.81279,"median":0.0,"n":1066,"pct_expressing":0.38837},