{"datasets":{"scRNA_Baccin2019_Mouse_BoneMarrow":[{"cell_type":"b_cell","summary":{"avg_expression":0.43675,"median":0.0,"n":704,"pct_expressing":0.25568},"values":[0.0,3.108,0.0,0.0,0.8771,1.483,1.781,0.0,0.0,1.34,0.0,0.0,1.894,0.0,0.0,2.023,0.0,0.0,0.0,0.0,0.0,1.504,1.213,0.0,0.0,0.0,0.0,0.0,1.47,0.0,0.0,0.0,0.0,0.0,0.0,0.0,0.0,1.539,0.0,0.0,1.66,0.0,0.0,0.0,0.0,0.0,0.0,0.0,0.0,0.0,0.0,0.0,0.0,2.084,0.0,0.0,0.0,0.0,0.0,2.732,0.0,0.0,2.646,1.594,1.276,0.0,0.0,0.0,0.0,0.0,0.0,0.0,0.0,1.424,1.474,0.0,0.0,1.007,0.0,0.0,0.0,0.0,0.0,0.0,0.0,0.0,0.0,0.0,0.0,0.0,1.456,0.0,0.0,1.063,2.07,0.0,0.0,2.325,0.0,1.88,0.0,0.0,0.0,0.0,0.0,0.0,2.2,0.0,1.166,0.0,0.0,1.622,0.9603,2.398,2.595,0.0,0.0,0.0,1.408,1.346,0.0,0.0,0.0,0.0,0.0,0.0,1.53,0.0,1.108,1.929,0.0,0.0,0.0,0.0,0.0,0.0,0.0,2.143,2.526,0.0,0.0,0.0,0.0,0.0,0.0,2.297,1.142,0.0,0.9278,0.0,0.0,1.525,0.0,0.0,1.094,1.494,0.0,0.0,1.246,0.0,0.0,0.0,0.0,0.0,0.0,0.0,0.0,0.0,1.314,1.823,3.105,0.0,2.138,0.0,1.483,0.0,0.0,0.0,2.348,0.0]},{"cell_type":"chondrocyte","summary":{"avg_expression":0.65073,"median":0.0,"n":127,"pct_expressing":0.37795},"values":[1.477,1.371,1.634,0.0,0.0,1.47,2.589,1.296,1.479,0.0,1.519,2.049,0.0,0.0,0.0,0.0,0.0,2.123,0.0,0.0,0.0,1.698,1.615,1.553,1.712,0.0,0.0,0.0,0.0,2.023,1.554,0.0,2.37,1.921,0.0,2.196,0.0,0.0,0.0,0.0,0.0,2.168,0.0,0.0,0.0,0.0,0.0,0.0,1.899,0.0,0.0,1.571,0.0,0.0,0.0,0.0,0.0,2.05,0.0,1.32,1.438,0.0,0.0,0.0,0.0,0.0,1.169,0.0,2.385,0.0,1.624,0.0,0.0,0.0,0.0,2.511,1.021,0.0,1.306,0.0,1.262,0.0,0.0,0.0,1.983,1.714,1.71,0.0,1.761,1.297,0.0,0.0,0.0,0.0,1.41,2.272,0.0,1.546,0.0,0.0,0.0,0.0,1.464,2.012,0.0,0.0,0.0,0.0,2.357,0.0,0.0,0.0,0.0,1.027,0.0,1.879,0.0,0.0,0.0,2.361,0.0,1.353,0.0,0.0,1.124,0.0,0.0]},{"cell_type":"endothelial","summary":{"avg_expression":0.80662,"median":0.0,"n":343,"pct_expressing":0.42274},"values":[0.0,0.0,1.505,1.442,0.0,2.657,0.0,0.0,0.0,1.896,0.0,0.0,2.331,1.826,1.567,0.0,0.0,2.022,0.0,0.0,0.0,0.0,0.0,2.589,0.0,2.127,1.494,2.027,0.0,0.0,1.326,1.535,2.442,2.294,0.0,0.0,0.0,2.269,0.0,0.0,1.263,1.92,2.884,0.0,1.231,0.0,0.6361,0.0,0.0,0.0,0.0,0.0,0.0,0.0,1.895,0.0,0.0,0.0,1.568,0.0,1.033,0.0,1.914,0.0,1.693,0.0,1.929,0.0,2.449,1.962,0.0,2.238,1.193,1.937,1.351,0.0,2.566,1.735,0.0,0.0,0.0,0.0,0.0,2.062,0.0,0.0,0.0,0.0,0.0,0.0,0.0,0.0,0.0,0.0,0.0,0.0,2.175,0.0,0.0,0.0,1.998,0.0,2.192,1.457,0.0,1.728,1.213,0.0,2.909,2.29,0.0,2.814,0.0,0.0,1.159,1.921,1.482,1.796,0.0,1.421,0.0,0.0,1.855,2.288,0.0,0.0,0.0,0.0,0.0,0.0,2.162,0.0,2.256,0.0,0.0,1.885,1.538,0.0,1.565,2.004,0.0,1.652,0.0,1.878,0.0,2.279,2.066,2.322,1.71,0.0,0.0,0.0,3.266,0.0,0.0,0.0,0.0,0.0,0.0,0.0,0.0,0.0,1.764,1.804,0.0,0.0,0.0,0.0,0.0,1.36,0.0,1.696,0.0,0.0,0.0,0.0,1.987,0.0,0.0,0.0]},{"cell_type":"erythroid_or_mk","summary":{"avg_expression":0.02026,"median":0.0,"n":1129,"pct_expressing":0.03632},"values":[0.0,0.0,0.0,0.0,0.0,0.0,1.02,0.0,0.0,0.0,0.0,0.0,0.0,0.0,0.0,0.0,0.0,0.0,0.0,0.0,0.0,0.0,0.0,0.0,0.0,0.0,0.0,0.0,0.0,0.0,0.0,0.0,0.0,0.0,0.0,0.0,0.0,0.0,0.0,0.0,0.0,0.0,0.0,0.0,0.0,0.0,0.0,0.0,0.0,0.0,0.0,0.0,0.0,0.0,0.0,0.0,0.0,0.0,0.2914,0.0,0.0,0.0,0.0,0.0,0.0,0.0,0.0,0.0,0.0,0.0,0.0,0.0,0.0,0.0,0.0,0.0,0.0,0.0,0.0,0.0,0.0,0.0,0.0,0.0,0.0,0.0,0.0,0.0,0.0,0.0,0.0,0.0,0.0,0.0,0.0,0.0,0.0,0.0,0.0,0.0,0.0,0.0,0.0,0.0,2.505,0.0,0.0,0.0,0.0,0.526,0.0,0.0,0.3156,0.0,0.0,0.2823,0.0,0.0,0.0,0.0,0.0,0.0,0.0,0.0,0.0,0.0,0.0,0.0,0.0,0.0,0.0,0.0,0.0,0.0,0.0,0.0,0.0,0.0,0.0,0.0,0.0,0.0,0.0,0.0,0.0,0.0,0.0,0.0,0.0,0.0,0.0,0.0,0.0,0.0,0.0,0.0,0.0,0.0,0.0,0.0,0.0,0.0,0.0,0.0,0.0,0.0,0.0,0.0,0.0,0.0,0.0,0.2456,0.0,0.0,0.0,0.0,0.0,0.0,0.0,0.0]},{"cell_type":"myeloid","summary":{"avg_expression":0.0339,"median":0.0,"n":2370,"pct_expressing":0.03291},"values":[0.0,0.0,0.0,0.0,0.0,0.0,0.0,0.0,0.0,0.0,1.703,0.0,0.0,0.0,0.0,0.0,0.0,0.0,0.0,0.0,0.0,0.0,0.0,0.0,0.0,0.0,0.0,0.0,0.0,0.0,0.0,0.0,0.0,0.0,0.0,0.0,0.0,0.0,0.0,0.7121,0.0,0.0,0.0,0.0,0.0,0.0,0.0,0.0,0.0,0.0,0.0,0.0,0.0,0.0,0.0,0.0,0.0,0.0,0.0,0.0,0.0,0.0,0.0,0.0,0.0,0.0,0.0,0.0,0.0,0.0,0.0,0.0,0.0,0.0,0.0,0.0,0.0,0.0,0.0,0.0,0.0,0.0,0.0,0.0,0.0,0.0,0.0,0.0,0.0,0.0,0.0,0.0,0.0,0.0,0.0,0.7901,0.0,0.0,0.0,0.0,0.0,0.0,0.0,0.0,0.0,0.0,0.0,0.0,0.0,0.0,0.7197,0.0,0.0,0.0,0.0,0.0,0.0,0.0,0.0,0.0,0.0,0.0,0.0,0.0,0.0,0.0,0.0,0.0,0.0,0.0,0.0,0.0,0.0,0.0,0.0,0.0,0.0,0.0,0.0,0.0,0.0,0.0,0.0,1.082,0.0,0.0,0.0,0.0,0.0,0.0,0.0,0.0,0.0,0.0,0.0,0.0,0.0,0.0,0.0,0.0,0.0,0.0,0.0,0.0,0.0,0.0,0.0,0.0,0.0,0.0,0.0,0.0,0.0,0.0,0.0,0.0,0.0,0.0,0.0,0.0]},{"cell_type":"osteoblast","summary":{"avg_expression":0.60747,"median":0.0,"n":818,"pct_expressing":0.36797},"values":[0.0,0.0,0.0,0.0,0.0,0.0,0.0,0.0,0.0,0.0,1.282,2.163,0.0,0.0,0.0,0.0,2.027,0.0,0.0,0.0,0.0,1.082,2.228,0.0,0.0,1.665,0.0,0.0,0.0,0.0,2.119,0.0,0.0,0.0,0.0,1.525,1.898,1.076,0.0,1.439,1.129,1.545,0.0,0.0,1.135,0.0,1.321,0.0,1.949,0.0,1.169,1.453,1.069,0.0,0.0,0.0,0.0,0.0,1.134,2.046,1.625,0.0,1.837,1.132,1.316,1.435,2.256,0.0,0.0,0.0,0.0,0.0,1.676,0.0,0.0,0.0,1.447,1.42,0.0,0.0,2.288,0.0,0.0,0.0,1.855,1.425,0.0,0.0,1.683,0.0,1.906,1.694,0.0,0.0,0.0,0.0,0.0,0.0,0.0,1.426,0.0,1.447,0.0,0.0,0.0,0.0,0.0,0.0,0.0,0.0,1.081,0.0,0.0,0.0,1.602,0.0,2.89,1.103,0.0,1.471,0.0,0.0,0.0,0.0,1.719,1.647,0.0,2.056,0.0,1.364,1.488,0.0,0.0,0.0,0.0,0.0,0.0,1.892,0.0,0.0,0.0,0.0,1.276,0.0,0.0,1.693,1.401,0.0,1.337,1.7,1.142,0.0,0.0,1.711,0.0,1.256,1.701,1.071,0.0,1.082,1.422,0.0,0.0,2.112,0.0,0.0,1.333,0.7648,1.798,0.0,0.0,1.674,1.619,1.327,1.897,1.491,2.837,0.0,0.0,0.0]},{"cell_type":"osteocyte","summary":{"avg_expression":1.29956,"median":1.553,"n":27,"pct_expressing":0.59259},"values":[0.0,1.553,1.806,0.0,2.86,0.0,2.698,0.0,0.0,0.0,0.0,3.236,0.0,1.716,1.952,3.125,2.19,2.687,3.025,1.67,0.0,1.19,1.212,1.965,2.203,0.0,0.0]},{"cell_type":"other","summary":{"avg_expression":0.47109,"median":0.0,"n":238,"pct_expressing":0.2605},"values":[1.516,0.0,0.0,2.316,2.122,0.0,1.57,0.0,1.654,1.443,0.0,0.0,0.0,1.914,0.0,0.0,0.0,1.915,0.0,0.0,0.0,0.0,0.0,0.0,0.0,0.0,0.0,0.0,0.0,0.0,1.553,2.427,1.019,0.0,0.0,0.0,0.0,0.0,2.365,0.0,0.0,0.0,2.131,0.0,1.559,0.0,0.0,0.0,0.0,1.49,0.0,0.0,0.0,2.062,0.0,0.0,1.734,0.0,0.0,0.0,0.0,0.0,1.672,0.0,0.0,0.0,0.0,0.0,0.0,1.569,0.0,0.0,0.0,1.284,1.704,1.343,0.0,1.477,1.201,0.0,0.0,2.129,0.0,1.466,0.0,0.0,0.0,0.0,0.0,0.0,1.262,0.0,1.917,0.0,1.38,1.337,1.634,0.0,0.0,0.0,0.0,0.0,0.0,0.0,0.0,0.0,0.0,0.0,1.877,0.0,2.17,0.0,0.0,0.0,0.0,2.778,0.0,2.174,0.0,1.642,0.0,0.0,0.0,0.0,0.0,2.029,1.174,1.793,0.0,0.0,0.0,0.0,0.0,0.0,0.0,0.0,0.0,0.0,1.697,0.0,0.0,0.0,0.0,0.0,0.0,0.0,2.068,0.0,0.0,1.567,1.59,1.481,0.0,1.767,0.0,0.0,1.771,0.0,0.0,0.0,1.129,1.995,3.113,0.0,0.0,0.0,0.0,2.005,0.0,0.0,0.0,0.0,0.0,0.0,0.0,0.0,0.0,0.0,0.0,0.0]},{"cell_type":"stromal_mesenchymal","summary":{"avg_expression":1.00002,"median":1.1795,"n":1066,"pct_expressing":0.51126},"values":[1.876,1.899,1.722,2.018,2.572,0.0,0.0,1.572,0.0,0.0,1.395,0.0,1.652,0.0,0.0,0.0,0.0,0.0,1.499,1.93,2.848,0.0,2.303,1.285,2.685,0.0,1.795,2.202,1.694,0.0,1.962,1.523,0.0,1.675,2.718,2.852,0.0,0.0,0.0,0.0,0.0,0.0,0.0,2.69,0.0,1.454,0.0,0.0,2.502,0.0,2.778,2.27,0.0,0.0,0.0,1.838,0.0,1.856,2.729,0.0,1.993,0.0,0.0,1.308,1.562,3.253,0.0,1.191,0.0,2.191,0.0,1.931,2.621,0.0,1.887,0.0,0.0,0.0,1.704,0.0,3.554,0.0,1.143,0.0,1.911,2.452,1.548,0.0,0.0,2.208,0.0,1.414,2.624,1.316,0.0,1.275,0.0,0.0,2.255,1.552,0.0,0.0,0.0,0.0,2.223,1.584,2.059,2.025,0.0,1.319,2.353,2.809,0.0,1.56,0.0,0.0,2.552,0.0,2.58,0.0,0.0,0.0,1.383,1.528,0.0,0.0,0.0,2.327,0.0,1.209,1.363,0.0,1.87,3.102,0.0,1.954,1.931,1.719,2.842,2.163,0.0,1.226,0.0,0.0,0.0,2.461,1.807,0.0,1.977,1.849,2.576,1.432,0.0,1.617,2.912,0.0,1.899,1.66,0.0,2.155,1.222,1.523,2.224,1.32,0.0,0.0,0.0,0.0,0.0,0.0,2.537,1.35,0.0,1.513,0.0,0.0,0.0,0.0,1.125,2.339]},{"cell_type":"t_cell_or_nk","summary":{"avg_expression":0.09095,"median":0.0,"n":675,"pct_expressing":0.07111},