{"datasets":{"scRNA_Baccin2019_Mouse_BoneMarrow":[{"cell_type":"b_cell","summary":{"avg_expression":0.80326,"median":0.83545,"n":704,"pct_expressing":0.51847},"values":[0.0,0.7835,1.229,1.064,0.0,1.515,1.448,1.348,0.0,1.916,0.0,0.0,1.816,0.0,0.0,0.0,1.547,0.0,0.0,0.0,0.0,0.0,1.119,0.0,0.0,1.507,1.24,0.0,1.756,0.0,0.0,1.509,0.0,1.7,1.142,1.057,1.685,0.0,1.023,1.5,0.0,1.851,0.0,1.696,0.0,2.241,1.352,2.075,1.364,0.0,0.0,1.084,1.487,0.0,0.671,0.5913,1.848,0.9994,0.0,2.487,0.0,0.6824,0.0,1.752,1.513,1.104,0.8553,0.0,1.285,0.0,0.0,1.292,1.96,1.029,1.63,0.0,0.0,1.912,1.512,0.0,0.0,0.0,1.977,1.219,1.532,1.457,0.0,1.121,0.0,2.285,0.0,0.0,1.831,0.0,0.0,0.0,0.0,2.176,0.0,0.0,0.0,0.0,0.0,0.0,0.7802,1.163,0.0,1.315,1.249,1.604,0.0,0.0,1.617,0.0,0.0,0.0,0.0,1.382,0.0,1.965,1.48,1.713,0.0,0.9523,1.123,0.0,1.123,1.236,0.0,1.71,2.085,2.648,0.0,0.0,0.0,1.461,0.0,1.405,0.8568,1.489,0.0,0.0,0.0,0.0,0.0,2.105,0.0,0.6023,1.394,2.195,0.0,0.0,0.0,0.9324,1.469,0.6908,1.8,1.893,0.0,1.914,0.9683,1.089,0.0,1.205,0.0,1.866,0.0,1.064,1.917,1.027,0.0,0.0,0.0,0.0,2.272,1.542,1.752,0.0,0.0,2.35]},{"cell_type":"chondrocyte","summary":{"avg_expression":0.58583,"median":0.0,"n":127,"pct_expressing":0.40157},"values":[0.9891,1.371,0.8647,0.0,0.0,0.0,0.0,0.0,0.0,0.9082,0.0,0.0,1.256,1.049,0.0,1.813,1.558,0.0,0.0,0.0,0.0,0.0,0.0,1.052,0.0,0.0,0.0,0.9019,0.0,0.0,1.554,0.0,0.0,0.0,0.0,1.098,1.55,0.0,1.701,1.725,1.519,0.0,0.0,1.461,1.478,0.0,2.433,0.0,0.0,0.0,0.0,2.521,0.0,0.0,1.155,0.7986,0.0,0.0,0.0,0.0,1.438,0.0,1.559,1.812,0.0,2.15,0.0,0.0,0.0,1.208,0.0,1.623,0.0,2.421,0.0,0.0,1.516,0.0,0.0,0.0,0.0,0.0,0.0,0.0,0.0,0.0,0.0,0.0,0.0,0.0,1.58,2.182,0.0,0.0,1.41,0.0,0.0,0.0,0.0,1.891,0.0,0.8142,0.7453,0.0,1.569,0.0,0.0,2.673,1.754,0.0,0.0,1.68,2.03,1.027,0.0,1.879,2.029,0.0,0.0,0.0,0.9862,0.8896,1.243,0.7929,1.64,0.3241,0.7775]},{"cell_type":"endothelial","summary":{"avg_expression":0.63067,"median":0.0,"n":343,"pct_expressing":0.42857},"values":[0.0,0.0,0.0,0.0,1.604,0.694,0.0,0.0,1.867,0.0,1.414,0.0,2.331,0.0,0.0,0.0,0.0,0.0,1.819,0.0,0.0,0.9708,0.0,0.0,0.0,0.7329,0.0,0.0,0.0,0.0,0.0,0.0,0.8804,0.0,1.48,1.36,1.968,0.7173,0.0,0.0,0.5345,1.761,0.0,0.0,0.0,0.0,1.645,2.119,0.3479,0.0,1.469,0.0,0.0,0.7132,0.0,0.0,0.3709,1.397,0.0,2.15,0.0,0.0,0.0,0.0,0.0,0.0,0.0,0.0,0.0,1.74,1.12,0.0,1.218,1.372,2.088,1.408,1.529,2.283,1.962,1.7,0.0,0.0,0.0,0.0,0.0,1.343,0.0,0.7359,1.328,0.0,0.0,1.364,0.0,0.0,0.0,0.0,1.63,0.0,1.968,0.5508,0.0,1.864,1.004,1.624,0.0,0.0,0.0,0.0,2.027,0.0,1.457,0.0,0.0,1.526,0.0,1.92,0.0,0.0,1.695,1.355,0.0,0.0,0.0,2.054,0.0,0.0,1.48,0.2271,0.0,0.8177,0.9979,0.0,0.0,1.648,0.0,0.0,1.014,2.332,0.0,2.125,0.0,1.347,0.0,0.0,1.552,0.7648,0.0,1.632,0.0,1.482,0.0,1.61,0.0,0.0,0.2113,2.084,1.327,0.0,1.683,1.816,1.726,0.0,0.0,0.0,1.996,0.0,0.0,0.7269,0.0,0.0,0.0,0.0,1.713,2.621,0.0,0.0,2.057,1.934,0.0,1.357]},{"cell_type":"erythroid_or_mk","summary":{"avg_expression":0.48553,"median":0.3648,"n":1129,"pct_expressing":0.65722},"values":[0.5762,0.0,0.7187,0.0,0.5431,1.602,0.0,0.0,0.0,1.951,0.4057,0.3056,0.5214,0.0,0.0,0.3022,1.029,0.0,0.0,0.0,0.0,0.0,2.198,1.281,1.033,0.0,0.7438,0.6972,0.0,0.5006,0.0,2.258,0.0,0.3412,1.657,1.104,1.204,1.723,0.6678,1.626,1.036,0.0,0.0,1.537,0.9178,1.844,0.6663,0.6343,0.4084,0.5445,1.02,0.6088,0.482,0.389,0.5295,0.0,0.0,2.348,0.385,0.6738,0.3236,2.44,0.3168,0.4017,0.3818,0.0,0.4017,0.0,0.9195,0.0,0.0,0.5333,0.8307,0.0,0.7261,0.5883,0.3887,0.6946,0.2715,0.0,0.0,0.3203,1.535,0.3374,0.2625,0.4317,0.0,0.0,0.0,0.0,0.3069,1.435,0.3307,1.456,0.0,0.4838,0.0,0.0,0.0,0.4634,0.4851,0.331,0.9372,0.5072,0.0,0.9807,0.0,0.0,0.6619,0.5136,0.0,0.4347,1.123,0.0,0.5582,0.0,0.0,0.0,0.0,0.3018,0.595,0.7652,0.4544,0.9903,0.0,0.1976,0.0,0.0,0.6789,1.223,0.6531,0.0,0.0,1.824,0.0,1.879,0.0,0.6279,0.0,0.3168,0.0,0.0,0.647,0.3161,0.3432,0.619,0.3536,1.276,0.0,0.9646,1.837,0.4068,0.6185,1.889,0.0,0.0,0.5419,0.6417,1.192,0.0,0.0,0.0,0.25,0.9913,0.0,1.182,0.0,0.7242,0.6743,0.4977,0.302,0.0,0.2249,0.0,0.2959,1.552,0.5169,0.4884,0.0,1.927]},{"cell_type":"myeloid","summary":{"avg_expression":1.57154,"median":1.6905,"n":2370,"pct_expressing":0.91181},"values":[2.262,2.352,1.763,0.9807,0.6832,0.0,1.621,1.587,2.649,2.035,1.504,2.071,1.791,1.704,1.578,1.671,2.214,2.134,1.574,2.655,2.114,2.377,1.929,1.944,1.575,2.01,2.197,0.0,1.856,1.228,2.478,1.637,2.168,1.899,1.899,2.509,2.097,1.077,1.424,1.642,2.264,1.217,1.523,1.943,1.821,1.771,1.268,1.942,1.525,1.385,1.907,1.529,1.1,2.107,1.229,1.047,1.905,1.537,1.248,0.8813,2.584,0.0,0.7151,0.0,2.411,1.727,1.32,1.596,1.52,1.519,0.0,1.996,2.719,1.183,0.0,1.49,2.887,0.8464,1.618,1.552,1.738,1.578,1.373,1.856,2.051,1.808,2.14,2.08,1.865,2.307,0.3883,0.666,1.228,1.569,1.474,2.149,2.657,1.918,1.881,1.201,1.515,1.663,2.023,1.307,1.146,0.0,2.155,2.19,1.179,0.0,1.309,2.024,1.797,0.7815,0.0,2.04,1.609,1.667,0.0,1.861,0.0,1.803,1.571,1.422,0.7562,1.381,2.135,1.673,1.741,1.271,2.27,1.633,1.37,1.621,1.495,2.165,0.7776,1.741,1.573,1.843,0.3007,0.3932,2.507,1.403,1.571,2.233,2.45,0.5297,1.767,2.154,1.976,1.813,1.769,1.433,0.0,1.519,1.822,0.9297,1.429,1.776,1.854,2.097,1.209,2.036,0.7231,2.482,0.0,1.862,2.047,1.81,0.0,2.423,2.102,1.196,1.265,1.201,3.07,1.382,0.9001,2.089]},{"cell_type":"osteoblast","summary":{"avg_expression":0.3785,"median":0.0,"n":818,"pct_expressing":0.29218},"values":[0.0,0.0,0.0,0.0,1.348,0.0,0.0,2.319,0.7826,0.0,1.27,0.0,2.519,0.0,0.0,0.0,0.0,1.297,0.0,1.495,1.207,1.056,0.8763,0.0,0.0,0.0,0.0,2.023,1.207,1.237,0.0,0.0,1.268,0.0,0.0,0.0,0.0,0.0,0.0,0.0,1.332,0.0,0.0,1.153,1.385,0.0,0.0,0.9688,0.0,0.0,0.0,0.0,0.0,1.483,1.918,0.0,0.0,1.54,1.448,0.0,0.0,0.0,0.0,0.0,0.0,0.0,2.057,0.0,0.0,1.863,0.0,0.0,1.095,0.0,1.726,0.0,0.9938,0.0,0.0,0.0,0.0,0.0,0.8321,0.0,0.0,0.0,0.0,0.0,0.0,0.0,1.152,1.515,0.7479,1.617,0.0,0.0,0.0,0.0,0.0,0.0,2.094,0.0,0.0,0.0,0.9738,0.0,1.546,0.0,0.0,0.0,0.0,0.0,0.0,1.767,0.0,0.0,0.0,0.9207,0.0,0.0,0.0,0.0,0.0,0.0,0.0,0.0,0.0,1.078,0.0,0.0,0.0,0.0,0.0,0.0,0.0,1.022,0.0,0.0,0.0,0.0,0.0,0.9509,0.0,0.0,1.714,0.0,0.0,0.0,1.443,0.0,1.76,0.0,0.0,0.6193,1.097,1.057,0.0,0.0,0.0,1.42,1.426,0.0,0.0,1.284,0.0,0.8699,0.0,0.0,0.7984,0.0,0.0,1.046,0.0,0.0,0.0,1.334,2.004,0.0,0.9374,0.0]},{"cell_type":"osteocyte","summary":{"avg_expression":0.16938,"median":0.0,"n":27,"pct_expressing":0.14815},"values":[0.0,1.052,0.0,0.0,0.0,0.0,0.0,1.519,0.0,0.0,0.0,0.0,0.0,0.0,0.0,0.0,0.0,0.0,0.0,0.0,0.0,1.19,0.0,0.0,0.0,0.0,0.8122]},{"cell_type":"other","summary":{"avg_expression":0.55983,"median":0.0,"n":238,"pct_expressing":0.41176},"values":[0.8745,1.385,1.209,0.0,0.4303,0.0,1.897,1.813,1.557,0.0,0.0,0.7611,0.7378,0.0,0.0,0.0,0.0,2.16,0.0,2.184,0.0,0.0,0.0,1.842,0.0,0.0,0.0,1.361,0.0,0.0,0.0,1.38,0.0,0.0,0.0,0.0,0.0,0.0,1.084,0.0,0.0,0.0,0.0,1.613,0.0,1.017,1.045,0.0,0.0,0.0,0.0,1.022,0.0,0.0,1.448,0.0,1.28,1.642,0.0,0.0,0.0,0.0,0.0,0.0,0.0,0.0,0.0,0.0,0.0,0.0,0.0,0.0,0.9468,1.091,0.0,1.46,1.494,0.0,0.8643,1.249,0.0,1.481,1.437,1.799,0.0,1.778,0.0,0.0,0.0,1.241,0.0,0.0,1.125,1.174,1.852,1.038,0.0,1.07,0.0,0.0,1.871,0.0,0.4137,0.0,0.0,0.0,1.966,0.0,0.0,1.478,1.845,0.0,0.0,0.0,0.0,0.0,0.0,0.0,0.0,0.0,0.0,0.0,0.0,0.9826,0.0,1.531,0.0,0.0,0.8817,1.377,0.0,1.272,0.0,0.0,0.0,2.606,0.0,0.8434,0.0,1.39,0.0,0.7613,0.0,0.0,1.87,0.0,0.0,1.497,1.73,1.389,1.671,1.915,0.0,0.0,0.0,1.421,1.466,1.374,1.195,0.7789,0.0,0.0,0.0,0.0,0.0,0.0,0.0,1.099,1.604,0.0,1.542,0.8712,0.4153,0.8195,1.136,1.443,0.0,0.9325,0.0,0.0]},{"cell_type":"stromal_mesenchymal","summary":{"avg_expression":0.30542,"median":0.0,"n":1066,"pct_expressing":0.20075},