{"datasets":{"scRNA_Baccin2019_Mouse_BoneMarrow":[{"cell_type":"b_cell","summary":{"avg_expression":3.42744,"median":3.45,"n":704,"pct_expressing":0.99716},"values":[3.471,2.526,2.773,3.657,3.115,2.434,2.987,4.136,3.646,2.402,3.81,3.815,3.605,3.529,4.173,3.473,3.477,3.453,3.162,3.454,3.726,3.452,3.605,3.72,4.425,2.94,3.584,3.468,3.141,3.646,3.991,2.296,3.284,3.884,0.0,3.463,3.708,3.984,3.578,3.026,3.297,3.905,3.134,3.339,2.648,3.697,3.803,3.716,2.913,3.96,3.464,2.547,2.865,3.452,3.736,4.291,2.914,3.838,3.133,3.788,3.295,3.444,3.404,3.61,3.149,3.814,2.826,3.749,2.031,3.315,4.016,3.057,3.341,3.569,3.447,3.343,3.569,3.324,3.075,3.221,3.634,2.931,3.614,3.432,3.735,3.437,3.703,2.94,2.418,4.125,3.239,2.484,3.563,3.089,3.032,3.691,2.845,3.197,3.364,2.435,3.823,3.728,3.298,3.219,3.542,3.282,3.423,3.324,4.015,3.012,2.975,4.007,3.083,3.868,3.873,3.43,3.055,2.896,3.229,2.689,4.32,4.085,3.474,3.149,3.478,3.764,3.052,3.103,2.792,4.045,3.518,1.418,4.252,3.912,3.175,3.279,3.897,3.191,3.573,3.387,3.368,3.451,4.225,3.76,3.845,3.735,4.213,3.237,2.661,3.337,3.416,2.647,3.697,2.86,3.469,3.916,4.133,3.844,4.178,2.073,3.223,3.567,3.579,3.188,2.973,3.395,3.273,3.963,3.742,3.097,4.149,4.074,4.062,2.636,3.232,3.229,3.822,3.278,3.793,2.59]},{"cell_type":"chondrocyte","summary":{"avg_expression":1.91615,"median":2.05,"n":127,"pct_expressing":0.85039},"values":[0.9891,2.546,1.321,1.866,2.752,1.47,2.448,3.71,2.554,2.128,1.218,2.049,2.281,1.882,2.796,0.0,1.558,2.123,2.734,2.409,0.0,1.698,2.839,2.5,3.065,2.54,2.173,2.281,1.234,0.0,1.554,1.306,1.766,0.0,3.434,2.564,2.131,1.883,1.942,3.803,2.096,2.168,0.9232,2.656,2.05,1.812,2.433,2.575,2.893,2.231,0.0,1.571,0.0,1.832,1.449,1.541,0.0,2.05,1.595,2.482,2.364,2.389,1.559,1.812,2.002,2.516,2.036,2.196,0.0,0.0,0.0,2.212,2.717,0.0,2.891,0.0,1.845,2.652,2.465,4.855,2.41,1.84,2.397,0.0,1.983,2.42,2.308,1.809,3.223,2.83,2.628,0.0,2.047,0.0,1.973,0.0,3.118,1.546,0.0,3.549,2.659,1.797,2.659,0.0,2.438,3.275,2.345,2.207,2.357,1.666,2.892,2.276,3.184,2.465,2.159,1.879,2.029,1.714,3.502,2.361,2.044,0.0,1.547,1.23,3.172,1.788,1.21]},{"cell_type":"endothelial","summary":{"avg_expression":2.87822,"median":3.166,"n":343,"pct_expressing":0.94752},"values":[4.091,3.585,1.78,3.438,3.934,4.506,0.0,2.932,3.918,3.737,3.849,2.818,3.054,2.686,3.3,1.297,0.0,3.808,4.301,0.0,3.988,1.833,3.9,2.648,2.144,3.949,2.686,0.8055,2.906,4.721,1.009,2.796,1.55,4.13,4.253,4.096,1.659,2.053,0.0,0.0,3.219,1.355,2.524,2.733,2.07,2.15,4.14,4.195,1.924,4.69,3.051,3.14,2.779,2.88,1.861,1.581,1.422,2.523,3.408,1.982,1.104,3.744,2.738,3.595,3.538,3.635,4.048,1.311,3.172,3.343,4.438,3.645,1.847,1.641,1.548,4.425,4.689,1.34,2.752,2.167,3.756,4.037,1.277,3.805,2.013,3.98,1.293,2.737,1.663,3.64,3.814,2.678,2.972,1.511,1.22,1.931,3.585,3.678,1.921,3.219,2.138,1.618,3.276,3.473,4.617,4.3,3.166,3.301,3.374,0.0,2.56,2.721,1.832,3.682,3.325,3.959,4.09,0.0,1.63,4.033,2.599,3.739,4.177,3.735,1.004,3.923,3.76,2.212,3.447,4.252,3.352,3.472,4.389,2.942,1.547,4.094,3.273,3.579,1.674,2.476,3.911,1.263,1.79,4.061,3.81,1.838,1.877,3.926,1.231,4.303,4.308,3.282,4.438,0.0,3.492,1.261,1.385,0.0,2.429,3.126,3.397,2.675,3.302,3.987,3.645,3.788,4.013,4.214,1.552,1.722,3.714,1.809,4.334,3.22,2.853,1.82,4.312,3.9,2.558,3.126]},{"cell_type":"erythroid_or_mk","summary":{"avg_expression":1.98622,"median":1.901,"n":1129,"pct_expressing":0.99823},"values":[2.05,3.068,3.673,2.625,2.385,1.006,1.254,2.402,1.76,1.839,2.452,2.508,1.976,1.853,1.633,2.148,2.044,1.759,2.217,1.894,2.918,1.78,1.901,1.616,2.803,2.188,1.784,2.071,2.007,1.935,2.823,1.73,1.421,1.59,1.432,1.633,1.143,1.649,1.562,2.156,2.954,1.965,1.598,2.951,2.87,1.893,1.937,2.137,2.226,2.219,1.651,2.855,2.461,3.145,2.11,1.82,1.334,1.329,2.091,2.696,2.633,1.997,1.629,2.312,2.823,2.156,2.613,1.62,1.545,1.688,1.615,1.894,1.544,1.643,1.276,2.542,2.876,1.892,1.369,2.338,2.098,1.455,1.718,1.793,3.0,2.747,1.696,2.603,2.389,1.187,2.266,2.555,1.037,1.845,1.819,1.389,1.299,1.759,1.997,1.698,1.843,1.564,1.623,1.68,1.304,2.05,2.068,3.243,1.902,1.441,1.613,1.637,1.978,2.131,1.598,2.684,2.627,2.112,2.024,2.028,1.833,2.855,1.81,1.923,1.584,2.936,2.465,2.814,2.205,1.715,1.651,1.814,2.234,2.159,1.551,2.003,2.158,1.988,1.833,2.538,1.908,1.77,1.568,1.676,1.994,1.623,2.554,1.577,1.889,2.072,1.623,1.65,1.645,1.461,1.572,1.52,1.92,2.034,2.525,1.934,1.978,1.943,1.89,2.029,2.205,1.895,2.144,2.028,2.565,2.685,2.02,2.092,1.591,1.478,2.659,1.928,1.8,1.591,2.125,2.134]},{"cell_type":"myeloid","summary":{"avg_expression":2.80399,"median":2.812,"n":2370,"pct_expressing":0.99747},"values":[3.124,2.463,2.928,2.711,4.008,3.176,3.588,2.462,2.496,1.749,2.525,3.563,2.413,2.936,2.459,2.787,1.76,1.395,3.276,2.753,2.347,2.594,2.748,3.268,2.926,2.894,2.562,1.785,2.785,3.182,2.077,2.687,2.521,2.826,2.438,3.203,2.42,3.655,2.031,2.677,2.731,2.458,2.717,2.925,3.386,2.607,2.662,2.546,2.415,2.998,3.253,2.38,3.263,2.85,2.593,2.356,2.947,2.819,3.005,3.154,2.841,3.191,2.588,2.989,2.832,2.514,3.939,2.631,2.585,2.778,2.515,2.648,2.022,3.234,2.954,2.03,2.32,2.476,2.996,2.558,2.28,3.074,2.472,2.77,3.207,2.842,2.978,2.85,3.587,3.26,1.954,3.297,2.253,2.762,2.352,3.092,3.277,2.605,3.144,3.11,2.594,2.647,2.143,2.996,2.947,2.995,3.561,2.54,3.477,2.094,2.648,1.944,2.633,3.059,3.503,3.372,3.457,3.569,3.157,2.648,2.775,3.546,2.936,2.632,1.018,2.215,2.173,2.551,3.362,1.947,3.397,2.643,3.218,3.665,2.762,2.5,2.963,2.487,3.409,2.903,1.374,2.96,2.093,2.934,2.871,2.945,2.387,2.941,1.884,2.511,2.765,2.603,1.758,3.099,3.125,2.579,4.041,3.185,3.067,3.327,3.006,3.004,3.364,1.982,2.688,3.582,2.952,2.325,2.857,3.139,2.744,1.744,2.192,2.741,2.584,2.769,3.911,2.87,3.483,2.754]},{"cell_type":"osteoblast","summary":{"avg_expression":2.68571,"median":2.75,"n":818,"pct_expressing":0.96088},"values":[3.198,3.614,2.528,2.183,2.969,1.492,2.725,3.424,2.863,2.911,2.41,2.265,3.061,2.828,4.103,3.295,1.561,2.237,4.576,3.253,2.855,3.019,1.577,2.759,3.514,1.942,2.057,3.069,3.721,3.09,2.64,2.242,2.146,3.098,1.957,2.462,2.404,3.062,3.4,2.557,2.816,3.326,3.002,2.279,2.692,3.088,2.683,1.613,4.01,2.336,2.616,0.0,3.521,3.783,3.21,2.767,2.275,2.932,2.425,3.895,4.356,2.81,2.381,0.0,2.898,2.168,2.694,2.573,2.608,2.453,2.882,2.189,2.971,4.552,1.753,2.51,2.176,2.396,1.562,1.903,2.604,3.737,3.189,3.126,3.781,3.193,4.968,3.574,1.798,2.76,3.341,3.245,2.766,2.594,2.422,2.57,2.554,4.64,2.945,2.512,3.563,2.647,3.371,2.881,3.209,1.663,4.651,2.875,3.348,2.778,3.434,3.355,2.957,1.805,2.701,2.976,3.272,3.069,1.98,4.914,2.668,2.888,2.509,1.21,2.523,3.332,2.907,2.834,2.908,2.79,3.397,2.39,2.804,2.366,1.454,3.467,1.648,2.511,1.591,3.558,2.991,3.496,1.94,2.918,2.433,0.0,2.862,2.383,4.354,2.811,1.973,2.536,0.0,0.0,4.826,3.22,3.63,3.697,1.808,3.565,1.989,2.587,0.0,2.795,3.026,2.276,0.0,2.039,2.592,0.0,3.195,3.47,3.033,2.776,2.476,3.527,3.257,1.783,2.895,3.329]},{"cell_type":"osteocyte","summary":{"avg_expression":2.22148,"median":2.261,"n":27,"pct_expressing":0.96296},"values":[1.456,1.886,0.9912,2.167,0.8637,3.211,1.726,3.11,2.58,3.75,3.453,1.961,1.908,3.105,2.309,2.273,2.19,2.958,2.644,2.904,2.261,1.718,1.212,2.966,0.0,2.352,2.025]},{"cell_type":"other","summary":{"avg_expression":2.25367,"median":2.3685,"n":238,"pct_expressing":0.90336},