{"datasets":{"scRNA_Baccin2019_Mouse_BoneMarrow":[{"cell_type":"b_cell","summary":{"avg_expression":0.15103,"median":0.0,"n":704,"pct_expressing":0.08807},"values":[0.0,0.0,0.0,0.0,0.0,0.0,0.0,0.0,0.0,0.0,0.0,0.0,0.0,2.436,0.0,0.0,0.0,0.0,0.0,0.0,0.0,0.0,0.0,0.0,0.0,0.0,0.0,0.0,0.0,0.0,0.0,0.0,0.0,0.0,0.0,0.0,0.0,0.9501,0.0,0.0,0.0,0.0,0.0,0.0,0.0,0.0,0.0,0.0,0.0,0.0,0.0,0.0,0.0,0.0,0.0,0.0,0.0,0.0,1.785,0.0,2.041,1.886,0.0,0.0,0.0,0.0,0.0,0.0,0.0,0.0,0.0,0.0,0.0,0.0,0.0,0.0,0.0,1.605,0.0,0.0,0.0,1.823,0.0,0.0,0.0,0.0,0.0,0.0,0.0,1.373,0.0,0.0,0.0,0.0,0.0,0.0,1.633,0.0,0.0,0.0,0.0,0.0,0.0,0.0,0.0,0.0,0.0,0.0,0.0,0.0,2.249,1.976,0.0,0.0,0.0,0.0,0.0,0.0,0.0,0.0,0.0,1.195,0.0,0.0,0.0,0.0,0.0,0.0,0.0,0.0,0.0,0.0,0.0,0.0,0.0,0.0,0.0,0.0,0.0,0.0,0.0,0.0,0.0,0.0,0.0,0.0,0.0,0.0,0.0,0.0,0.0,0.0,0.0,0.0,0.0,0.0,0.0,0.0,0.0,0.0,0.0,0.0,0.0,0.0,0.0,0.0,0.0,0.0,0.0,0.0,0.0,0.0,0.0,0.0,0.0,0.0,0.0,0.0,0.0,0.0]},{"cell_type":"chondrocyte","summary":{"avg_expression":1.54054,"median":0.0,"n":127,"pct_expressing":0.46457},"values":[0.0,0.0,0.0,0.0,0.0,2.041,0.0,0.0,0.0,0.0,0.0,0.0,0.0,2.131,0.0,3.458,0.0,0.0,0.0,0.0,0.0,2.295,3.813,0.0,3.974,2.54,2.807,0.0,3.906,0.0,3.646,0.0,0.0,0.0,4.796,0.0,0.0,0.0,0.0,0.0,0.0,3.681,3.7,3.185,2.886,0.0,4.748,3.342,0.0,4.212,4.988,0.0,2.308,2.817,0.0,3.692,2.463,0.0,0.0,2.689,0.0,4.385,0.0,0.0,3.007,0.0,0.0,3.609,3.42,3.373,3.061,4.191,3.377,3.458,0.0,2.889,2.456,0.0,0.0,0.0,0.0,2.656,0.0,0.0,2.604,3.067,0.0,3.141,2.364,3.103,3.575,2.817,4.558,3.025,0.0,0.0,4.384,0.0,0.0,4.628,3.316,4.031,0.0,0.0,0.0,0.0,4.629,2.844,2.357,2.26,0.0,0.0,2.864,3.115,5.156,3.144,0.0,0.0,0.0,0.0,0.0,0.0,0.0,0.0,2.6,2.066,0.0]},{"cell_type":"endothelial","summary":{"avg_expression":0.78066,"median":0.0,"n":343,"pct_expressing":0.31487},"values":[0.0,0.0,1.559,0.0,2.813,0.0,0.0,0.0,3.351,0.0,2.757,0.0,0.0,0.5428,0.0,0.0,2.77,0.0,0.0,0.0,0.0,4.237,2.081,0.0,1.749,1.859,3.014,0.0,0.0,2.161,0.0,0.0,3.182,0.0,0.0,1.364,0.0,0.0,0.0,0.0,1.754,2.121,0.0,0.0,1.854,2.39,2.321,0.0,0.0,2.466,0.0,0.0,0.0,3.118,0.0,0.0,0.0,0.0,0.0,0.0,0.0,0.0,0.0,0.0,0.0,0.0,0.0,0.0,0.0,2.28,2.965,1.299,0.0,0.0,3.95,0.0,2.429,0.0,1.292,0.0,0.0,0.0,0.0,0.0,0.0,2.007,2.189,0.0,0.0,0.0,2.805,0.0,0.0,2.558,0.0,0.0,0.0,0.0,2.331,0.0,0.0,1.642,0.0,0.0,0.0,0.0,4.267,0.0,1.987,0.0,0.0,2.03,0.0,0.0,0.0,2.518,0.0,0.0,1.574,2.805,0.0,0.0,0.0,0.0,0.0,2.638,0.0,2.665,0.0,0.0,0.0,0.0,0.0,0.0,0.0,0.0,0.0,0.0,1.511,0.0,3.305,1.855,0.0,0.0,0.0,0.0,1.719,2.661,0.0,0.0,2.92,0.0,0.0,0.0,0.0,0.0,2.352,2.366,2.909,1.832,0.0,2.555,1.728,0.0,0.0,1.86,0.0,2.458,3.152,0.0,0.0,2.601,0.0,0.0,0.0,0.0,0.0,2.225,0.0,0.0]},{"cell_type":"erythroid_or_mk","summary":{"avg_expression":0.63826,"median":0.6333,"n":1129,"pct_expressing":0.60496},"values":[0.0,0.9089,0.898,1.042,0.0,0.6076,0.6198,0.0,0.0,0.0,0.8645,1.087,0.6239,0.7557,1.143,0.99,1.186,1.455,1.402,1.124,0.9266,0.7999,0.5517,0.0,0.661,0.0,0.0,1.352,0.0,0.0,0.0,0.6398,2.366,0.8257,0.0,0.6308,0.0,0.0,0.0,0.6818,0.4871,1.839,0.9067,0.9292,0.0,0.0,0.7893,0.0,0.0,0.7403,0.5345,1.1,0.8515,0.5832,1.23,0.0,1.859,0.0,0.8182,0.9189,1.359,0.6974,1.179,1.858,1.08,0.6333,0.0,0.0,1.113,1.367,1.282,0.8178,0.0,1.654,0.8509,1.233,0.0,1.191,0.0,0.7888,0.0,0.9095,1.08,0.0,0.8695,0.0,1.99,1.082,0.6729,0.5265,0.7917,0.0,0.0,0.9251,0.0,0.0,1.742,0.0,1.832,1.214,0.6704,0.6852,0.7415,2.763,1.062,0.7178,2.133,1.042,0.0,0.0,0.7217,0.5014,0.0,0.0,0.9243,0.0,1.287,0.6283,0.0,1.173,0.8693,0.0,2.109,0.0,0.9176,0.0,0.9071,0.884,1.166,0.5199,0.9707,0.8631,0.8946,0.0,0.0,0.9639,0.0,0.0,0.0,0.6282,0.7365,1.706,0.0,0.5994,0.0,0.7462,1.242,0.0,0.0,0.0,0.7587,1.316,0.0,0.0,0.0,0.6076,1.248,0.9614,0.0,0.0,1.144,0.9136,0.0,0.0,0.594,1.277,0.0,0.0,0.9296,0.0,0.0,0.0,0.0,0.965,0.0,1.803,0.7894,0.0,0.0,0.0]},{"cell_type":"myeloid","summary":{"avg_expression":0.13581,"median":0.0,"n":2370,"pct_expressing":0.08439},"values":[0.0,0.0,0.0,1.325,0.0,0.0,3.777,0.0,0.0,0.0,0.0,0.0,0.0,0.0,0.0,0.0,0.0,0.0,0.0,0.0,0.0,0.0,0.0,0.0,0.0,0.0,0.0,0.0,0.0,0.0,0.0,0.0,0.0,0.0,0.0,0.0,0.0,0.0,0.0,0.0,1.51,0.0,0.0,0.0,0.0,0.0,0.0,0.0,0.0,0.0,0.0,0.0,0.0,0.0,0.0,0.0,0.0,0.0,0.0,0.0,0.0,0.0,0.0,0.0,0.0,0.0,0.0,0.0,0.0,0.0,2.197,0.0,0.0,0.0,0.0,0.0,0.0,0.0,0.0,0.0,0.0,0.0,0.0,0.0,0.0,0.0,0.0,0.0,0.0,0.0,0.0,0.0,0.0,0.0,0.0,0.0,0.0,0.0,0.0,0.0,0.0,0.0,0.0,0.0,0.0,0.0,0.0,0.0,0.0,0.0,0.0,0.0,0.0,0.0,0.0,0.0,0.0,0.0,0.0,0.0,2.478,0.0,0.0,0.0,0.5864,0.0,0.0,0.0,0.0,0.0,0.0,0.0,0.0,0.0,0.0,3.757,0.0,0.0,0.0,0.0,0.0,0.0,0.5476,0.0,0.0,0.0,0.0,0.0,0.0,0.0,0.0,0.0,0.0,0.0,1.059,0.0,0.0,1.462,0.0,0.0,0.0,0.0,2.618,0.0,0.0,0.0,0.0,0.0,2.035,0.0,0.0,0.0,0.0,0.0,0.0,0.0,0.0,0.0,0.0,0.0]},{"cell_type":"osteoblast","summary":{"avg_expression":1.36148,"median":0.0,"n":818,"pct_expressing":0.45966},"values":[4.282,0.0,0.0,2.597,0.0,3.457,0.0,2.536,0.0,0.0,2.668,2.539,0.0,0.0,3.903,3.682,4.722,0.0,0.0,3.69,0.0,0.0,0.0,3.014,2.364,0.0,3.261,1.88,3.701,2.969,0.0,4.157,3.847,2.961,4.493,3.076,2.056,0.0,0.0,3.834,0.0,2.592,3.528,0.0,2.186,2.012,3.438,0.0,2.486,0.0,4.317,4.004,2.906,0.0,2.256,3.441,0.0,0.0,0.0,0.0,2.647,0.0,3.853,0.0,0.0,4.435,2.908,0.0,0.0,0.0,0.0,2.638,2.387,0.0,2.216,0.0,0.0,0.0,0.0,0.0,2.259,2.276,2.006,0.0,0.0,0.0,0.0,0.0,2.205,0.0,2.987,0.0,0.0,3.115,2.72,0.0,1.522,3.108,2.366,0.0,0.0,0.0,2.615,3.693,0.0,0.6027,3.432,0.0,0.0,2.806,2.383,3.848,2.907,2.244,2.475,2.753,3.724,0.0,0.0,2.855,2.833,0.0,0.0,0.0,4.284,2.899,2.595,4.158,0.0,2.321,0.0,0.0,2.862,3.2,0.0,3.203,3.0,0.0,2.466,2.526,0.0,0.0,3.639,0.0,0.0,4.341,0.0,0.0,2.274,0.0,0.0,3.901,2.504,3.071,0.0,2.306,0.0,2.284,2.871,0.0,0.0,0.0,2.889,0.0,0.0,2.251,2.715,2.695,2.544,0.0,0.0,2.484,0.0,2.413,2.458,0.0,0.0,0.0,2.683,0.0]},{"cell_type":"osteocyte","summary":{"avg_expression":1.16311,"median":0.0,"n":27,"pct_expressing":0.37037},"values":[2.026,1.553,0.0,0.0,2.86,0.0,3.636,0.0,0.0,0.0,0.0,1.961,0.0,0.0,0.0,0.0,0.0,0.0,0.0,0.0,4.931,3.348,4.207,0.0,2.669,4.213,0.0]},{"cell_type":"other","summary":{"avg_expression":1.55246,"median":1.383,"n":238,"pct_expressing":0.53782},"values":[3.757,0.0,0.0,0.0,0.0,2.622,0.0,3.22,2.624,0.0,2.971,0.0,0.0,4.787,0.0,1.804,3.664,2.075,4.008,0.0,1.633,3.887,0.0,0.0,0.0,0.0,0.0,3.466,0.0,1.969,0.0,3.249,0.0,2.41,2.699,0.0,4.398,2.44,2.034,0.0,0.0,4.146,0.0,0.0,2.537,3.642,0.0,0.0,3.325,0.0,1.377,3.081,0.0,0.0,2.62,3.0,0.0,3.349,4.112,0.0,0.0,2.528,0.0,0.0,0.0,0.0,2.096,1.389,0.0,4.314,1.887,2.821,2.185,0.0,1.195,2.544,4.156,1.743,2.431,2.362,2.175,0.0,3.062,3.895,2.371,0.0,1.792,0.0,0.6825,3.052,4.229,1.726,0.0,3.689,0.0,2.378,1.367,2.607,4.063,3.503,3.31,1.616,4.843,3.806,0.0,0.0,0.0,2.373,0.0,3.456,0.0,2.94,0.0,2.0,0.0,0.0,2.926,0.0,0.0,0.0,4.106,0.0,0.0,0.0,0.0,0.0,4.693,0.0,0.0,2.437,0.0,0.0,0.0,0.0,3.221,0.0,0.0,0.0,2.12,0.0,2.257,3.262,0.0,2.329,2.679,2.425,0.0,3.07,0.0,3.804,2.116,0.0,0.0,0.0,2.33,2.905,0.0,0.7941,0.0,0.0,2.608,0.0,4.142,0.0,2.432,3.081,2.578,3.512,0.0,4.965,1.271,3.047,2.352,0.0,0.0,1.158,0.0,2.754,3.452,2.291]},{"cell_type":"stromal_mesenchymal","summary":{"avg_expression":1.52317,"median":1.485,"n":1066,"pct_expressing":0.51595},"values":[4.127,2.465,0.0,0.0,0.0,0.0,0.0,0.0,2.746,4.213,2.246,0.0,0.0,0.0,0.0,0.0,2.975,0.0,0.0,0.0,0.0,0.7747,0.0,3.852,1.608,0.0,2.919,0.0,3.508,0.0,2.641,2.832,2.936,2.527,0.0,0.0,0.0,2.218,0.0,0.0,4.581,0.0,0.0,0.0,4.314,2.833,0.0,0.0,0.0,0.0,3.569,3.181,3.52,0.0,0.0,2.252,0.0,0.0,3.807,4.649,2.494,0.0,1.972,2.512,2.24,0.0,0.0,0.0,0.0,2.78,0.0,2.642,2.3,4.337,0.0,3.046,0.0,0.0,0.0,0.0,1.608,0.0,0.0,0.0,0.0,1.489,0.0,0.0,0.0,0.0,4.878,1.798,5.086,0.0,4.017,0.0,3.296,0.0,0.0,1.491,2.958,2.68,0.0,3.908,4.009,1.895,0.0,2.172,3.878,0.0,0.0,1.49,2.429,0.0,0.0,0.0,3.039,0.0,1.795,0.0,2.931,1.128,1.644,3.9,2.244,3.636,3.942,3.368,3.656,2.908,1.777,0.0,3.905,0.0,1.743,0.0,0.0,2.342,5.015,0.0,2.653,4.144,0.0,0.0,0.0,1.602,0.0,3.971,2.532,3.504,0.0,0.0,3.352,1.593,0.0,4.068,0.0,0.0,3.173,3.132,0.0,3.093,0.0,0.0,3.844,3.678,3.872,2.817,3.371,0.0,3.605,0.0,0.0,2.58,3.062,0.0,1.938,3.612,0.0,3.087]},{"cell_type":"t_cell_or_nk","summary":{"avg_expression":0.06387,"median":0.0,"n":675,