{"datasets":{"scRNA_Baccin2019_Mouse_BoneMarrow":[{"cell_type":"b_cell","summary":{"avg_expression":0.03304,"median":0.0,"n":704,"pct_expressing":0.01847},"values":[0.0,0.0,0.0,0.0,0.0,0.0,0.0,0.0,0.0,0.0,0.0,0.0,0.0,0.0,0.0,0.0,0.0,0.0,0.0,0.0,0.0,0.0,0.0,0.0,0.0,0.0,0.0,0.0,0.0,0.0,0.0,0.0,0.0,0.0,0.0,0.0,0.0,0.0,0.0,0.0,0.0,0.0,0.0,0.0,0.0,0.0,0.0,0.0,0.0,0.0,0.0,0.0,0.0,0.0,0.0,0.0,0.0,0.0,0.0,0.0,0.0,0.0,0.0,0.0,0.0,0.0,0.0,0.0,0.0,0.0,0.0,0.0,0.0,0.0,0.0,0.0,0.0,0.0,0.0,0.0,0.0,0.0,0.0,0.0,0.0,0.0,0.0,0.0,0.0,0.0,0.0,0.0,0.0,0.0,0.0,0.0,0.0,0.0,0.0,0.0,0.0,0.0,0.0,0.0,0.0,0.0,0.0,0.0,0.0,0.0,0.0,0.0,0.0,0.0,0.0,0.0,0.0,0.0,0.0,0.0,0.0,0.0,0.0,0.0,0.0,0.0,0.0,0.0,0.0,0.0,0.0,0.0,0.0,0.0,0.0,0.0,0.0,0.0,0.0,0.0,0.0,0.0,0.0,0.0,0.0,0.0,0.0,0.0,0.0,0.0,0.0,0.0,0.0,0.0,0.0,0.0,0.0,0.0,0.0,0.0,0.0,0.0,0.0,0.0,0.0,0.0,0.0,0.0,0.0,0.0,0.0,0.0,0.0,0.0,0.0,0.0,0.0,1.994,0.0,0.0]},{"cell_type":"chondrocyte","summary":{"avg_expression":0.61657,"median":0.0,"n":127,"pct_expressing":0.32283},"values":[0.0,1.928,0.0,0.0,0.0,0.0,0.0,0.0,0.0,1.376,0.0,0.0,0.0,0.0,0.0,0.0,0.0,2.123,0.0,0.0,0.0,2.295,1.615,1.553,2.055,1.588,2.173,0.0,0.0,0.0,1.554,0.0,0.0,0.0,0.0,0.0,2.131,0.0,2.136,2.07,0.0,0.0,0.0,1.689,1.478,0.0,0.0,0.0,2.254,0.0,2.371,1.571,0.0,0.0,0.0,0.0,2.463,2.676,0.0,0.0,1.438,0.0,0.0,2.42,0.0,1.567,0.0,1.608,0.0,0.0,0.0,0.0,1.512,0.0,1.898,0.0,0.0,0.0,0.0,0.0,0.0,0.0,0.0,0.0,0.0,0.0,0.0,2.055,1.761,0.0,2.164,0.0,0.0,0.0,0.0,0.0,2.104,0.0,0.0,0.0,0.0,0.0,1.464,2.012,0.0,0.0,0.0,2.673,0.0,0.0,0.0,0.0,0.0,1.523,0.0,1.879,0.0,1.714,1.614,1.758,1.473,0.0,1.969,0.0,2.6,0.0,0.0]},{"cell_type":"endothelial","summary":{"avg_expression":1.10598,"median":1.326,"n":343,"pct_expressing":0.52187},"values":[0.0,2.144,0.0,1.612,0.0,1.708,0.0,0.0,1.466,2.626,0.0,0.0,1.885,2.438,1.565,0.0,1.431,1.945,0.0,1.492,0.0,1.71,1.706,2.61,2.645,2.334,1.531,1.88,1.561,0.0,2.443,0.0,1.442,1.604,2.657,1.867,1.354,2.624,0.0,0.0,0.0,0.0,2.331,0.0,0.0,2.185,2.712,0.0,2.446,1.334,2.028,2.039,1.546,0.0,3.958,1.569,0.0,0.0,1.505,2.995,0.0,1.576,0.0,0.0,2.849,1.645,0.0,0.0,2.762,2.246,1.422,1.705,0.0,1.469,0.0,1.852,0.0,0.0,2.238,2.1,1.397,2.034,2.15,0.0,2.096,0.0,2.166,0.0,3.152,0.0,2.109,0.0,2.28,2.418,1.693,0.0,1.929,2.718,0.0,2.582,0.0,2.555,1.215,2.786,2.97,0.0,2.8,1.641,0.0,0.0,2.007,2.825,0.0,0.0,0.0,2.424,0.0,0.0,1.975,0.0,0.0,2.175,0.0,0.0,2.531,0.0,2.387,0.0,1.987,2.532,1.497,1.528,0.0,2.187,0.0,0.0,0.0,2.416,2.403,0.0,0.0,0.0,2.7,0.0,2.33,2.467,0.0,2.013,1.507,0.0,1.861,0.0,2.136,0.0,1.711,0.0,1.962,0.0,0.0,2.222,0.0,2.023,0.0,0.0,0.0,2.713,2.491,3.174,2.472,2.279,1.367,0.0,2.317,0.0,0.0,0.0,2.117,1.936,1.65,0.0]},{"cell_type":"erythroid_or_mk","summary":{"avg_expression":0.0472,"median":0.0,"n":1129,"pct_expressing":0.0744},"values":[0.0,0.0,0.0,0.0,0.0,0.0,0.0,0.0,0.0,0.0,0.0,0.0,0.0,0.0,0.0,0.0,0.0,0.0,0.0,0.0,0.0,0.0,0.0,0.0,0.3512,0.0,0.2471,0.0,0.0,0.0,0.3927,0.0,0.0,0.0,0.0,0.0,0.0,0.0,0.0,0.0,0.0,0.0,0.0,0.0,0.0,0.0,0.0,0.0,0.0,0.0,0.0,0.6338,0.0,0.0,0.0,0.0,0.0,0.0,0.0,0.0,0.0,0.0,0.0,0.0,0.0,0.0,0.3053,0.3018,0.3588,0.0,0.3043,0.0,0.0,0.4693,0.0,0.0,0.0,0.0,0.0,1.691,0.0,2.338,0.0,0.0,0.0,0.0,0.0,0.0,0.0,0.0,0.0,0.0,0.2709,0.0,0.3494,0.0,0.0,0.0,0.0,0.0,0.0,0.0,0.0,0.0,0.0,0.0,1.461,0.0,0.0,0.0,0.0,0.0,0.0,0.0,0.0,0.0,0.0,0.0,0.0,0.0,0.0,0.0,0.0,0.3064,0.0,0.0,0.0,0.0,0.0,0.0,0.0,0.0,0.0,0.0,0.0,0.0,0.0,0.3161,0.0,0.0,0.0,0.0,0.0,0.0,0.0,0.0,0.4068,0.0,0.0,0.0,0.0,0.0,0.0,0.2844,0.0,0.0,0.0,0.0,0.0,0.0,0.0,0.0,0.0,0.0,0.0,0.0,0.0,0.0,0.0,0.0,0.8043,0.0,0.0,0.0,0.0,0.0,1.156,0.0,0.0,0.0]},{"cell_type":"myeloid","summary":{"avg_expression":0.04502,"median":0.0,"n":2370,"pct_expressing":0.03249},"values":[0.0,0.0,0.0,0.0,0.0,0.0,0.0,0.0,0.0,0.0,0.0,0.0,0.0,0.0,0.0,0.0,0.0,0.0,0.0,0.0,0.0,0.0,0.0,0.0,0.0,0.0,0.0,0.0,0.0,0.0,0.0,0.0,0.0,0.0,0.0,0.0,0.0,0.8277,0.0,0.3599,0.0,0.0,0.0,0.0,0.0,0.0,0.0,0.0,0.0,0.0,0.0,0.0,0.0,0.0,0.0,0.0,0.0,0.0,0.0,0.0,0.0,0.0,0.0,0.0,0.0,0.0,0.0,0.0,0.0,0.0,0.0,0.0,0.0,0.0,0.0,0.0,0.0,2.54,0.0,0.0,0.0,0.0,0.0,0.0,0.0,0.0,0.0,0.0,0.0,0.0,0.0,0.0,0.0,0.0,0.0,0.0,0.0,0.0,0.0,0.0,0.0,0.0,0.0,0.0,0.0,0.0,0.0,0.0,0.0,0.0,0.0,0.0,0.5342,0.0,0.0,0.0,0.0,0.0,0.0,0.0,0.0,0.0,0.0,0.0,0.0,0.0,0.0,0.0,0.0,0.0,0.0,0.0,0.0,0.0,0.0,0.0,0.0,0.0,0.0,0.0,0.0,0.0,0.0,0.0,0.0,2.095,0.0,0.0,0.0,0.0,0.0,0.0,0.0,0.0,0.0,0.0,0.0,0.0,0.0,0.0,0.0,0.0,0.0,0.0,0.0,0.5727,0.0,0.0,0.0,0.0,0.0,0.0,0.0,0.0,0.0,0.0,0.0,0.0,0.0,0.0]},{"cell_type":"osteoblast","summary":{"avg_expression":1.40738,"median":1.7485,"n":818,"pct_expressing":0.62225},"values":[2.546,2.238,1.942,1.671,0.0,2.893,1.763,2.512,0.0,0.0,0.0,2.163,2.402,0.0,0.0,0.0,2.695,1.456,1.696,1.978,1.626,2.301,2.964,0.0,1.871,1.18,2.112,0.0,2.114,0.0,3.18,3.435,2.451,0.0,3.014,2.192,1.485,2.027,1.727,0.0,3.289,2.134,2.099,2.248,2.998,0.0,2.248,2.622,2.355,1.646,0.0,2.95,2.509,2.167,1.695,2.201,2.634,0.0,0.0,2.263,2.294,1.65,1.758,0.0,2.095,3.373,2.311,2.251,1.771,0.0,2.525,3.079,2.514,0.0,2.095,1.679,0.0,2.183,0.0,0.0,1.556,2.963,1.07,0.0,3.14,2.001,1.447,0.0,2.189,1.785,2.218,2.526,0.0,2.079,0.0,0.0,1.953,2.399,0.0,0.0,0.0,3.388,0.0,0.0,2.138,0.0,1.738,0.0,0.0,1.788,3.158,3.037,2.328,0.0,2.436,2.486,1.341,1.802,2.528,2.695,3.282,1.306,0.0,2.662,0.0,0.0,0.8517,0.0,2.175,1.888,2.274,1.539,2.36,1.798,2.227,0.0,0.0,1.388,1.545,1.725,2.624,2.066,2.352,2.208,3.249,1.449,2.641,2.151,2.265,0.0,2.684,0.0,2.598,0.0,0.0,2.551,0.6027,2.199,2.446,2.85,0.0,1.485,0.0,2.32,0.0,0.0,2.242,2.951,2.086,2.846,0.0,1.91,0.0,2.599,0.0,0.0,1.986,0.0,0.0,2.995]},{"cell_type":"osteocyte","summary":{"avg_expression":0.48415,"median":0.0,"n":27,"pct_expressing":0.25926},"values":[2.026,0.0,0.0,0.0,0.0,0.0,2.698,0.0,0.0,0.0,0.0,0.0,0.0,1.397,0.0,2.273,1.293,0.0,0.0,0.0,1.667,1.718,0.0,0.0,0.0,0.0,0.0]},{"cell_type":"other","summary":{"avg_expression":0.99232,"median":0.0,"n":238,"pct_expressing":0.44538},"values":[1.914,2.121,0.0,2.479,0.0,2.245,1.753,2.187,0.0,0.0,0.0,0.0,1.757,1.553,0.0,2.595,2.566,2.842,0.0,0.0,0.0,2.131,2.649,0.0,3.124,0.0,0.0,0.0,0.0,0.0,0.0,2.228,2.062,2.76,0.0,0.0,2.106,0.0,0.0,0.0,0.0,1.397,2.334,2.76,0.0,0.0,0.0,0.0,0.0,0.0,3.231,0.0,0.0,0.0,0.0,0.0,0.0,0.0,0.0,0.0,3.179,0.0,0.0,2.092,1.435,1.548,0.0,1.466,1.576,0.0,0.0,0.0,0.0,0.0,1.968,0.0,0.0,2.534,0.0,0.0,2.557,0.0,2.372,1.879,0.0,0.0,0.0,0.0,1.613,0.0,2.126,0.0,0.0,0.0,2.675,2.003,3.024,2.295,0.0,0.0,0.0,2.016,2.433,2.602,0.0,2.319,1.657,0.0,0.0,0.0,2.484,0.0,2.162,0.0,2.996,0.0,0.0,0.0,1.697,2.324,3.53,0.0,0.0,2.199,2.501,2.39,0.0,1.633,1.417,0.0,2.885,1.59,1.201,0.0,0.0,1.767,0.0,0.0,0.0,0.0,0.0,2.151,0.0,0.0,0.0,2.84,0.0,2.412,0.0,1.871,2.629,0.0,3.018,0.0,0.0,2.723,2.586,2.298,0.0,0.0,0.0,1.391,0.2648,2.926,0.0,3.036,0.0,2.039,0.0,0.0,2.725,1.861,3.359,0.0,0.0,2.185,0.0,2.378,1.608,0.0]},{"cell_type":"stromal_mesenchymal","summary":{"avg_expression":0.72913,"median":0.0,"n":1066,"pct_expressing":0.37054},"values":[0.0,2.117,0.0,0.0,0.0,0.0,1.609,1.546,0.0,0.0,0.0,0.0,0.0,0.0,0.0,1.963,1.398,0.0,1.888,0.0,2.305,0.0,0.0,2.323,0.0,0.0,0.0,1.944,1.654,0.0,0.0,0.0,1.502,2.818,0.0,2.067,1.933,0.0,0.0,0.0,0.0,0.0,2.027,2.342,0.0,2.535,0.0,0.0,0.0,0.0,2.144,0.0,2.663,0.0,0.0,0.0,0.0,2.949,0.0,0.0,2.093,1.511,0.0,0.0,0.0,0.0,1.763,1.419,2.173,0.0,0.0,2.046,0.0,1.734,0.0,0.0,0.0,0.0,2.279,0.0,1.486,0.0,0.0,0.0,0.0,0.0,0.0,1.237,1.464,0.0,0.0,2.405,1.31,0.0,1.424,1.511,0.0,0.0,2.228,0.0,0.0,1.475,2.049,0.0,0.0,0.0,0.0,1.997,2.246,0.0,1.452,0.0,2.307,2.717,0.0,0.0,0.0,0.0,1.625,1.075,1.983,0.0,2.008,0.0,2.391,1.516,0.0,0.0,0.0,3.193,2.948,0.0,0.0,0.0,0.0,2.045,0.0,0.0,0.0,0.0,2.746,0.0,0.0,0.0,0.0,0.0,0.0,0.0,0.0,0.0,1.597,0.0,0.0,0.0,1.918,1.185,0.0,1.641,2.786,0.0,1.969,1.326,0.0,0.0,0.0,0.0,0.0,0.0,0.0,0.0,0.0,1.548,0.0,0.0,0.0,2.073,0.0,0.0,1.713,0.0]},{"cell_type":"t_cell_or_nk","summary":{"avg_expression":0.02741,"median":0.0,"n":675,"pct_expressing":0.02222},