{"datasets":{"scRNA_Baccin2019_Mouse_BoneMarrow":[{"cell_type":"b_cell","summary":{"avg_expression":0.30137,"median":0.0,"n":704,"pct_expressing":0.17614},"values":[0.0,0.0,2.802,0.0,0.0,1.543,0.0,0.0,0.0,0.0,0.0,0.0,0.0,0.0,0.0,0.0,0.0,0.0,0.0,0.0,0.0,0.0,0.0,0.0,0.0,0.0,0.0,1.575,0.0,0.0,0.0,2.037,0.0,0.0,0.0,1.775,0.0,0.0,0.3912,0.0,0.0,1.755,0.0,0.0,1.728,0.0,1.256,0.0,0.0,1.175,0.0,0.0,0.0,1.483,1.781,0.0,0.0,1.894,0.0,0.0,1.25,0.0,0.0,0.0,2.043,0.0,2.104,0.0,0.0,1.928,1.398,0.0,0.0,0.0,0.0,0.0,1.982,1.671,0.0,0.0,0.0,0.0,1.564,0.0,0.0,0.0,0.0,0.0,0.0,1.03,0.0,0.0,0.0,0.0,0.0,0.0,0.0,0.0,0.0,0.0,1.498,1.81,0.0,0.0,0.0,0.0,0.0,1.878,0.0,0.0,0.0,0.0,0.0,0.0,0.0,0.0,0.0,0.0,0.0,0.0,0.0,0.0,0.0,2.49,0.0,0.0,0.0,0.0,0.0,0.0,0.0,0.0,1.429,0.0,0.0,0.0,0.0,0.0,0.0,2.2,0.0,0.0,0.0,0.0,0.0,2.612,0.0,1.229,0.0,0.0,2.398,0.0,0.0,1.408,0.0,0.0,1.346,0.0,0.444,0.0,0.0,0.0,0.0,0.0,0.0,0.0,0.0,1.703,0.0,2.519,0.0,0.0,0.0,0.0,0.0,0.0,0.0,0.0,2.942,0.0]},{"cell_type":"chondrocyte","summary":{"avg_expression":0.7204,"median":0.0,"n":127,"pct_expressing":0.4252},"values":[0.0,0.0,1.321,0.0,0.0,1.47,0.0,1.296,1.479,1.376,1.519,0.0,1.256,0.0,0.0,0.0,0.0,2.123,0.0,1.106,0.0,1.698,2.203,1.885,1.185,0.0,2.173,0.0,0.0,0.0,1.554,1.853,0.0,1.921,2.14,0.0,0.0,1.883,1.382,1.196,2.096,0.0,0.0,2.487,0.0,0.0,0.0,0.0,1.346,0.0,0.0,0.0,0.0,0.0,1.449,1.237,0.0,0.0,0.0,0.0,0.0,0.0,2.141,0.0,2.002,0.0,0.0,0.0,0.0,0.0,0.0,0.0,1.512,0.0,1.898,0.0,0.0,0.0,1.306,0.0,0.0,1.511,0.0,2.063,1.983,1.714,1.71,0.0,1.761,0.0,0.0,2.817,2.047,0.0,0.0,0.0,0.0,1.241,2.446,0.0,0.0,1.257,1.168,0.0,1.569,0.0,1.211,0.0,1.754,1.666,0.0,0.0,0.0,1.854,0.0,1.879,0.0,1.714,0.0,2.734,0.0,0.0,1.243,1.532,1.124,0.0,0.0]},{"cell_type":"endothelial","summary":{"avg_expression":0.75709,"median":0.0,"n":343,"pct_expressing":0.41691},"values":[1.397,0.0,0.0,0.0,0.0,0.0,0.0,0.0,2.202,1.351,0.0,1.531,1.61,1.735,1.694,1.693,1.751,1.372,2.088,1.962,0.0,1.665,0.0,2.935,0.0,0.0,0.0,1.701,0.0,2.071,3.013,0.0,0.0,1.841,0.0,0.0,1.357,0.0,0.0,1.636,1.864,1.745,2.175,0.0,2.027,0.0,1.983,0.0,1.457,0.0,0.0,0.0,1.421,0.0,2.187,3.016,0.0,0.0,0.0,0.0,2.403,0.0,3.307,0.0,0.0,0.0,0.0,1.565,1.322,0.0,0.0,0.0,0.0,0.0,0.0,1.064,0.0,0.0,1.492,0.0,0.0,2.951,1.538,1.632,0.0,0.0,0.0,0.0,0.0,0.0,0.0,0.0,1.683,0.0,2.326,0.0,2.264,2.499,1.936,1.36,1.65,0.0,0.0,1.684,1.986,0.0,0.0,0.0,1.987,0.0,0.0,0.0,0.0,1.751,1.505,2.0,0.0,0.0,0.0,1.311,0.0,1.623,0.0,0.0,1.624,1.831,0.0,1.246,0.0,0.0,1.574,0.0,0.0,0.0,0.0,0.0,2.23,1.247,2.031,0.0,1.519,1.688,1.843,2.166,0.0,2.023,1.656,0.0,0.0,2.28,0.0,1.911,0.0,1.829,0.0,0.0,0.0,0.0,1.215,0.0,2.312,0.0,0.0,0.0,0.0,0.0,2.825,1.197,0.0,0.0,0.0,0.0,0.0,0.0,0.0,1.876,2.146,0.0,0.0,0.0]},{"cell_type":"erythroid_or_mk","summary":{"avg_expression":0.03443,"median":0.0,"n":1129,"pct_expressing":0.03543},"values":[0.0,0.0,0.0,0.0,0.0,2.383,0.7131,0.0,0.0,0.0,0.0,0.0,0.0,0.0,0.0,0.0,0.0,0.0,0.0,0.0,0.0,0.0,0.0,0.0,0.0,0.0,0.0,0.0,0.0,0.0,0.0,0.0,0.0,0.0,0.0,0.0,0.0,0.0,0.0,0.0,0.0,0.0,0.0,0.0,0.0,0.0,0.0,0.0,0.0,0.0,0.0,0.0,0.0,0.0,0.0,0.0,0.0,0.0,0.0,0.0,0.0,0.0,0.0,0.0,0.0,0.0,0.0,0.0,0.0,0.0,0.0,0.0,0.0,0.0,0.0,0.0,0.0,0.0,0.0,0.0,0.0,0.0,0.0,0.0,0.0,0.0,0.0,0.0,0.0,0.0,0.0,0.0,0.0,0.0,0.0,0.0,0.0,0.0,0.0,0.0,0.0,0.0,0.0,0.0,0.0,0.2332,0.0,0.0,0.0,0.0,0.0,0.0,0.0,0.0,0.0,0.0,0.0,0.0,0.0,0.0,0.0,0.0,0.0,0.0,0.0,0.0,0.0,0.0,1.114,0.0,0.0,1.89,0.0,0.0,0.0,1.066,0.0,0.0,0.0,0.4849,0.0,0.0,0.0,0.0,0.0,0.0,0.0,0.0,0.0,0.0,0.0,0.0,0.0,0.0,0.0,0.0,0.0,0.0,0.0,0.0,0.0,0.0,0.0,0.0,0.0,0.0,0.0,0.0,0.0,0.0,0.0,0.0,0.0,0.0,0.0,0.0,0.0,0.0,0.0,0.0]},{"cell_type":"myeloid","summary":{"avg_expression":0.17128,"median":0.0,"n":2370,"pct_expressing":0.19873},"values":[0.0,0.0,0.0,0.456,0.0,0.0,0.0,0.0,0.0,0.4831,0.0,0.0,0.0,0.0,0.0,0.0,0.0,0.0,0.0,0.0,0.0,0.0,0.0,0.0,0.0,0.0,0.0,0.0,0.0,0.0,0.0,0.0,0.0,0.0,0.0,0.0,0.0,0.947,0.0,1.044,0.0,0.3991,0.0,0.0,0.8759,1.106,0.0,0.0,0.0,1.496,0.0,0.0,0.0,0.0,0.0,0.0,0.7323,0.0,0.0,1.337,0.0,0.0,1.103,1.996,0.0,0.0,0.0,0.0,0.0,0.0,0.0,0.0,0.7912,1.821,0.5497,0.0,0.0,0.0,0.0,0.0,0.3735,0.8059,0.7778,0.0,0.0,0.0,0.0,0.0,0.0,0.0,0.0,0.6229,0.0,1.382,0.4882,0.0,0.0,0.6253,0.0,0.0,0.623,0.0,1.582,0.0,0.0,0.5385,0.0,0.0,0.0,0.0,0.4711,0.0,0.9901,0.0,0.0,0.0,0.0,0.0,0.0,0.0,0.0,0.0,0.0,0.0,0.0,0.0,0.8877,0.0,0.6476,0.0,0.0,0.0,0.0,0.0,0.0,0.0,0.0,0.0,0.909,0.0,0.0,0.0,0.0,0.0,0.6239,0.5767,0.5699,0.0,0.0,0.0,0.0,0.0,0.0,0.0,0.0,0.0,0.0,0.0,0.0,1.475,0.0,0.0,0.0,0.0,0.0,0.6685,0.5185,0.0,0.0,0.4087,0.5228,0.0,0.0,0.0,0.0,0.0,0.0,0.0,0.0,0.0]},{"cell_type":"osteoblast","summary":{"avg_expression":1.56302,"median":1.807,"n":818,"pct_expressing":0.79218},"values":[2.548,1.93,3.182,2.066,2.31,0.0,2.83,1.447,2.5,1.838,1.97,0.0,2.435,2.035,0.0,1.99,0.0,1.982,1.367,1.485,2.17,0.0,0.0,1.254,2.268,0.0,0.0,0.0,2.59,2.621,1.447,2.296,1.784,2.163,2.202,0.0,2.016,1.947,1.596,0.0,1.702,1.857,1.329,0.0,0.0,2.189,2.386,1.645,0.0,2.677,1.877,2.721,0.0,1.728,1.843,1.804,2.136,2.602,0.0,2.668,0.0,2.275,2.509,2.034,1.71,0.0,2.432,2.984,2.331,0.0,1.807,2.082,1.913,1.459,1.975,2.255,1.666,2.988,1.976,2.379,1.443,1.591,1.679,1.021,1.699,2.918,2.112,2.071,2.61,1.877,0.0,0.0,2.023,2.176,1.73,1.919,1.76,0.0,1.74,2.063,2.32,2.576,1.878,2.182,1.897,2.568,1.808,1.719,1.424,0.0,2.276,1.563,2.039,2.592,2.226,0.0,0.0,1.561,1.533,2.121,0.0,2.726,1.901,1.799,0.0,2.096,2.517,2.044,2.97,1.576,2.182,2.392,1.457,1.21,0.0,1.282,2.208,2.565,1.579,1.243,2.026,2.237,0.0,2.651,1.626,3.04,1.082,0.0,1.117,1.454,1.97,1.904,2.276,1.281,2.529,1.239,1.954,2.271,2.257,1.084,1.898,2.533,0.0,2.366,2.751,2.013,1.515,2.245,3.3,2.223,2.614,0.0,0.0,1.894,1.694,2.022,0.0,0.0,2.528,2.549]},{"cell_type":"osteocyte","summary":{"avg_expression":0.70848,"median":0.0,"n":27,"pct_expressing":0.40741},"values":[2.026,1.886,0.0,0.0,1.32,0.0,1.196,1.849,1.501,0.0,0.0,0.0,1.908,1.958,0.0,1.678,0.0,0.0,0.0,0.0,0.0,2.062,1.745,0.0,0.0,0.0,0.0]},{"cell_type":"other","summary":{"avg_expression":0.83116,"median":0.0,"n":238,"pct_expressing":0.43697},"values":[0.0,1.643,2.291,0.0,1.654,0.0,0.0,1.886,0.0,2.121,1.717,0.0,0.0,0.0,0.0,1.653,0.0,1.497,0.0,0.0,0.0,1.915,0.0,1.784,1.435,0.0,1.973,2.454,1.842,0.0,0.0,0.0,2.634,1.517,1.53,1.515,0.0,0.0,2.131,1.892,0.0,2.342,0.0,0.0,0.0,1.78,0.0,1.515,0.0,3.397,2.567,0.0,0.0,0.0,1.693,1.672,0.0,0.0,0.0,0.0,1.734,1.704,0.0,0.0,0.0,0.0,0.0,0.0,1.385,0.0,2.352,0.0,1.343,0.0,0.0,2.001,1.611,1.548,0.0,1.466,0.0,1.981,0.0,0.0,0.0,2.615,0.0,0.0,1.201,0.0,0.0,0.0,0.0,0.0,1.82,0.0,1.634,2.372,0.0,0.0,1.802,1.651,0.0,0.0,2.201,0.0,1.877,1.352,0.0,1.477,2.003,2.292,2.295,0.0,1.28,2.233,0.0,1.191,2.25,0.0,0.0,1.871,0.0,0.0,0.0,0.0,0.0,0.0,0.0,2.864,2.541,0.0,2.294,1.697,0.0,1.887,2.185,0.0,2.501,1.46,1.927,1.494,0.0,0.0,0.0,0.0,0.0,1.437,2.371,0.0,0.0,1.802,2.405,1.56,1.726,0.0,0.0,0.0,2.015,0.0,0.0,0.0,1.852,1.646,0.0,0.0,2.211,0.0,0.0,0.0,0.0,0.0,1.769,1.347,1.966,0.0,0.0,0.0,1.511,1.924]},{"cell_type":"stromal_mesenchymal","summary":{"avg_expression":1.08011,"median":1.3675,"n":1066,"pct_expressing":0.57036},"values":[0.0,1.945,0.0,3.31,1.976,2.564,2.243,2.063,0.0,2.287,1.998,0.0,1.731,0.0,2.845,2.234,1.408,0.0,1.428,0.0,0.0,0.0,0.0,1.577,2.741,1.286,1.619,0.0,2.478,2.179,2.809,2.032,0.0,2.223,0.9561,0.0,0.0,0.0,0.0,0.0,1.319,1.878,0.0,2.809,1.56,1.804,1.392,0.0,1.921,0.0,2.143,1.64,1.907,2.552,1.626,2.363,0.0,0.0,0.0,0.0,1.623,2.106,0.0,0.0,0.0,2.699,0.0,1.92,0.0,2.223,1.625,2.621,1.345,1.954,1.611,1.506,0.0,0.0,1.617,1.579,0.0,1.539,2.167,0.0,1.974,2.351,0.0,0.0,2.506,0.0,1.916,1.983,2.253,1.66,1.823,0.0,2.548,2.0,0.0,1.756,0.0,1.523,0.0,0.0,0.0,0.0,1.432,2.274,0.0,0.0,1.522,2.312,0.0,0.0,0.0,2.09,0.0,0.0,1.613,2.592,0.0,0.0,0.0,0.0,0.0,2.523,0.0,0.0,0.0,0.0,0.0,2.547,0.0,0.0,0.0,0.0,1.835,2.035,1.524,0.0,2.516,2.375,2.096,0.0,0.0,0.0,2.073,0.0,0.0,2.972,1.0,1.525,0.0,0.0,2.348,0.0,0.0,0.0,0.0,0.0,2.285,1.922,2.877,0.0,0.0,1.741,0.0,1.669,0.0,0.0,0.0,0.0,0.0,1.98,0.0,0.0,0.0,0.0,0.0,0.0]},{"cell_type":"t_cell_or_nk","summary":{"avg_expression":0.04859,"median":0.0,"n":675,"pct_expressing":0.04296},