{"datasets":{"scRNA_Baccin2019_Mouse_BoneMarrow":[{"cell_type":"b_cell","summary":{"avg_expression":1.3317,"median":1.3885,"n":704,"pct_expressing":0.68324},"values":[0.0,0.0,0.0,2.197,2.192,1.842,2.305,2.167,2.904,0.0,1.08,0.0,1.723,2.044,2.074,0.665,0.0,3.298,2.805,1.496,2.266,0.8448,1.946,1.534,2.835,2.688,1.725,0.0,1.355,2.57,0.0,0.3886,1.724,1.454,0.9489,3.211,0.0,3.684,3.141,2.237,1.844,0.0,1.34,1.412,2.13,0.2834,2.663,0.0,1.454,3.181,2.376,2.886,0.0,0.0,0.0,2.297,1.426,0.0,0.0,1.292,1.349,2.163,0.0,1.452,2.063,0.6344,3.095,1.539,2.777,0.0,0.0,2.437,2.698,2.041,1.818,0.0,0.0,0.0,3.367,1.029,0.0,1.888,0.0,1.79,2.017,1.818,2.254,0.9768,3.114,0.0,0.0,1.423,1.968,0.5924,0.0,0.0,0.0,0.0,2.82,1.324,1.314,0.0,2.56,0.8582,0.0,0.0,0.5953,2.23,0.0,2.432,2.043,0.0,2.441,1.847,0.0,2.29,2.718,1.551,0.0,0.0,1.456,1.901,2.433,0.3912,0.0,3.835,0.0,2.856,0.0,3.256,0.0,1.376,1.175,3.001,0.7927,0.0,0.0,1.179,3.334,0.0,1.656,4.477,2.788,1.401,0.9923,2.527,2.676,3.684,1.764,1.7,0.3352,3.646,3.091,0.0,2.22,2.339,0.0,1.102,1.353,2.04,1.875,0.0,0.0,0.0,3.189,1.108,0.836,0.0,2.684,0.0,1.857,3.185,1.427,0.0,2.419,1.903,3.102,0.0,0.0,3.679]},{"cell_type":"chondrocyte","summary":{"avg_expression":0.91451,"median":0.7599,"n":127,"pct_expressing":0.53543},"values":[0.0,1.928,1.634,0.0,0.0,0.0,1.015,2.194,1.479,1.376,0.0,0.8551,0.0,0.0,0.9965,1.813,0.0,3.139,0.0,0.0,2.181,2.295,2.203,1.052,2.682,1.588,0.0,0.0,0.0,2.023,0.0,0.0,0.0,0.0,0.0,1.098,2.763,1.883,0.9132,2.07,0.0,0.0,0.0,1.165,1.478,0.0,2.433,2.312,2.515,0.0,0.0,0.0,0.0,0.0,0.7356,0.7986,0.0,2.05,1.595,0.0,2.364,0.0,0.0,0.0,0.0,1.567,0.0,1.608,2.759,1.208,0.0,1.623,2.451,0.0,2.513,0.0,1.021,0.0,0.0,1.824,0.0,0.0,0.0,0.0,0.0,0.7599,2.68,0.0,3.398,1.297,0.0,0.0,2.047,0.0,0.0,0.0,0.0,0.0,0.0,1.891,2.033,0.8142,0.7453,0.0,0.6678,2.355,0.0,0.0,1.754,1.666,0.0,2.916,1.46,1.523,0.0,1.879,2.029,1.714,0.0,1.758,2.044,0.8896,0.8031,0.7929,1.64,0.1751,1.21]},{"cell_type":"endothelial","summary":{"avg_expression":2.32529,"median":2.59,"n":343,"pct_expressing":0.80175},"values":[2.371,1.645,3.782,0.0,1.705,0.9383,3.124,2.359,2.082,2.876,0.0,0.0,2.316,2.783,0.0,2.919,0.0,3.822,3.429,4.509,3.166,3.722,2.473,0.0,3.598,0.0,3.467,3.753,4.726,4.273,0.3479,2.694,3.539,1.71,2.582,0.0,0.3709,1.937,3.659,2.168,0.0,2.67,2.166,0.8698,3.963,3.647,4.22,2.911,0.0,1.565,2.062,0.0,0.0,0.7155,1.636,3.127,2.119,4.018,3.522,4.462,0.2705,4.013,2.701,0.0,1.749,3.766,3.23,3.772,1.355,0.0,1.74,0.416,2.187,4.365,3.98,0.0,3.542,0.0,3.503,0.0,2.416,2.84,1.175,1.796,2.065,0.0,2.659,3.386,2.843,3.858,3.87,3.545,2.166,0.0,3.537,0.0,0.0,0.0,3.446,2.31,2.532,2.28,2.965,2.959,2.59,4.145,0.0,0.0,1.652,0.0,2.084,1.327,5.081,3.383,3.585,3.058,0.0,2.933,1.65,0.0,4.948,2.749,3.062,3.264,3.758,2.825,0.0,0.0,2.367,2.934,1.117,2.412,0.0,4.053,0.2113,1.484,0.0,2.998,3.833,2.531,2.494,3.533,0.0,2.24,2.774,0.0,0.1639,1.241,2.655,2.213,1.969,4.135,0.0,3.505,2.686,2.768,3.41,3.504,2.031,2.285,3.641,0.0,1.597,3.675,2.33,2.619,2.686,2.582,2.161,1.971,3.579,3.453,0.0,3.497,0.0,0.5639,0.0,2.943,0.0,3.073]},{"cell_type":"erythroid_or_mk","summary":{"avg_expression":0.22646,"median":0.0,"n":1129,"pct_expressing":0.40035},"values":[0.3156,0.342,0.2891,0.2823,0.0,0.0,0.0,0.363,0.3139,0.8186,0.0,0.0,0.0,0.3894,0.0,0.0,0.6686,0.0,0.5813,0.0,0.4073,0.0,1.368,0.0,0.0,1.243,0.0,0.0,0.0,0.0,0.0,0.0,0.4471,0.3164,0.0,0.5202,0.0,0.4476,0.0,0.5208,0.2853,0.0,0.0,0.0,0.2784,0.2667,0.0,0.0,0.0,1.245,0.2793,1.491,0.0,0.3182,0.3337,0.0,0.0,0.0,0.2456,0.0,0.4948,0.0,0.3031,0.875,0.0,1.027,0.2977,0.0,0.2571,0.0,0.0,0.0,0.3762,0.0,0.2423,0.0,0.3957,0.0,0.5601,0.4545,0.0,0.4385,0.4047,0.5787,0.0,0.0,0.0,0.0,1.544,0.4628,0.306,0.0,0.0,0.0,0.4136,0.0,0.0,0.3182,0.3078,0.0,0.4278,0.3581,0.0,0.0,0.2842,1.592,0.8622,0.4902,0.0,0.0,0.0,0.342,0.0,0.0,0.0,0.0,0.0,0.0,0.457,0.0,0.0,0.3182,0.0,0.0,0.0,0.0,0.0,0.0,0.0,0.0,0.0,0.0,0.0,0.0,0.3691,0.0,0.3143,0.0,0.0,0.0,0.0,0.0,0.0,0.0,0.0,0.2741,0.0,1.69,0.0,0.3791,1.448,0.3128,0.5496,0.0,0.7131,0.653,0.0,0.4676,0.0,0.0,0.0,0.6084,0.3415,0.0,0.0,0.0,0.288,0.7067,0.4383,0.0,0.0,0.0,0.5368,0.0,0.0,0.6356,0.523,0.0,0.2719,0.0]},{"cell_type":"myeloid","summary":{"avg_expression":0.5935,"median":0.5269,"n":2370,"pct_expressing":0.54304},"values":[1.785,0.0,0.0,1.242,0.0,2.35,0.3379,0.9442,1.646,0.8813,1.18,0.5841,0.0,0.0,0.1976,0.7512,1.086,0.0,0.0,0.0,0.0,1.32,0.0,0.7633,0.4605,1.571,0.0,1.012,0.0,0.6461,0.5967,0.6744,1.764,0.6131,1.761,0.0,0.0,0.0,0.0,0.0,0.9139,0.4538,0.0,0.0,0.0,0.0,0.0,0.0,0.5874,0.0,0.5437,1.514,0.0,1.391,0.0,0.0,0.0,0.0,1.004,1.057,0.0,0.0,0.0,0.0,0.0,1.186,0.0,0.0,0.0,1.739,1.033,0.6384,0.0,0.0,0.0,0.0,0.9076,1.364,0.0,0.5174,0.0,0.0,0.0,0.0,1.943,0.7499,0.51,0.8062,0.0,0.0,0.0,1.223,0.0,0.0,0.6124,0.767,0.0,0.0,0.0,0.0,1.005,0.9294,0.0,0.0,0.0,0.8963,0.0,0.0,0.0,0.8109,1.147,1.885,2.057,0.7973,0.0,0.0,0.0,0.0,0.0,0.5507,1.293,0.0,0.5617,0.0,0.0,0.8862,0.0,0.7586,0.0,1.563,0.0,0.0,0.9685,0.0,0.0,1.476,0.0,0.9476,0.0,0.7294,0.9391,1.09,0.8712,1.596,0.0,0.0,0.0,0.0,1.038,0.3913,0.8869,1.972,0.0,0.0,0.6146,0.0,0.0,1.056,1.243,0.6615,0.0,0.0,0.0,0.4694,0.0,0.0,0.0,0.0,0.9024,1.343,0.0,0.0,0.0,2.442,0.0,0.9025,0.0,0.8663,0.0,0.0]},{"cell_type":"osteoblast","summary":{"avg_expression":1.65353,"median":1.8255,"n":818,"pct_expressing":0.81174},"values":[2.496,0.0,2.254,1.107,1.702,1.612,2.384,1.978,0.6437,0.8314,1.91,2.59,0.0,0.0,2.495,1.429,0.0,0.0,1.8,2.153,0.0,2.105,2.398,2.642,1.881,2.573,2.338,2.951,2.377,2.677,0.8354,1.32,1.408,2.483,1.32,2.095,1.551,0.0,2.3,1.778,2.025,2.364,1.655,2.424,1.806,1.896,0.0,3.247,2.777,2.068,2.055,1.807,1.015,1.348,2.246,1.834,2.319,1.216,1.587,3.18,2.594,1.216,0.7974,2.909,0.0,1.333,1.297,2.348,2.069,1.738,2.103,0.0,1.841,2.495,0.0,0.0,2.143,2.622,2.683,0.0,0.0,2.308,2.764,1.611,3.094,0.0,2.237,2.215,2.269,3.486,0.0,1.989,2.961,2.158,0.9018,2.02,1.663,1.53,2.597,2.051,1.447,1.204,1.483,0.0,2.469,2.502,2.119,1.437,1.01,1.126,0.0,0.0,2.134,2.497,2.182,1.556,2.539,1.314,0.0,2.192,1.123,1.726,2.402,2.821,0.9006,2.417,1.589,0.0,3.17,1.877,4.012,0.0,1.447,0.0,1.387,2.578,3.061,1.059,1.152,0.0,2.205,1.642,1.942,2.443,1.101,0.0,3.107,0.0,0.0,1.833,1.938,1.458,2.178,3.142,0.0,1.779,3.091,1.231,2.677,1.992,1.711,2.464,1.68,2.294,1.464,0.0,2.647,2.895,1.75,2.064,1.45,1.585,2.175,0.0,2.128,1.162,0.0,0.0,2.293,2.094]},{"cell_type":"osteocyte","summary":{"avg_expression":0.91717,"median":0.9912,"n":27,"pct_expressing":0.55556},"values":[0.0,1.553,0.9912,1.916,0.0,2.19,2.326,0.0,1.009,1.159,0.0,0.0,0.0,1.397,1.392,0.0,0.0,0.0,0.0,1.67,0.0,2.062,2.09,0.0,2.986,1.75,0.2725]},{"cell_type":"other","summary":{"avg_expression":1.08937,"median":0.9575,"n":238,"pct_expressing":0.54622},"values":[0.0,0.0,2.128,1.699,2.637,1.719,1.771,0.0,1.784,0.0,2.302,2.674,1.985,1.995,0.0,0.0,0.0,0.0,1.284,0.0,0.0,1.343,0.0,1.366,0.0,2.36,1.548,0.0,2.397,2.16,1.653,1.581,2.115,2.704,0.0,2.589,0.0,0.0,0.0,0.0,0.0,0.0,0.0,2.434,0.0,0.0,0.0,2.115,0.0,0.0,1.649,0.0,0.0,0.0,0.0,1.045,2.522,1.585,2.049,3.007,1.517,0.0,0.0,0.0,0.0,0.0,0.0,1.72,0.0,0.0,0.0,2.861,2.26,0.0,0.0,0.0,0.0,0.0,2.42,2.294,2.324,0.0,0.0,0.9468,2.136,2.029,0.0,1.646,2.063,1.469,0.0,2.175,1.531,0.0,2.504,1.767,1.552,0.9012,0.0,0.0,3.584,0.0,1.69,2.072,2.675,0.0,0.0,0.0,0.8351,0.0,1.241,2.412,2.368,0.0,0.0,2.057,1.769,0.0,0.885,2.586,1.383,1.513,0.0,2.325,0.0,2.381,0.0,0.0,0.0,0.0,1.651,0.0,0.9682,0.2055,0.0,0.0,1.608,0.0,0.0,0.0,0.0,0.0,0.0,2.248,2.25,0.0,0.0,2.943,0.0,1.454,2.627,0.0,1.976,0.0,2.329,0.0,0.0,1.631,0.0,1.74,0.0,1.73,0.0,0.0,1.557,3.087,0.0,0.0,2.344,2.021,2.037,0.0,1.374,2.898,0.0,0.2864,1.958,1.622,0.0,0.0]},{"cell_type":"stromal_mesenchymal","summary":{"avg_expression":1.86979,"median":2.122,"n":1066,"pct_expressing":0.803},